case:concept:name,concept:name,time:timestamp,case:OrganizationalEntity,case:TotalDeclared
travel permit 10060,Send Reminder,2018-11-01 06:00:45+00:00,organizational unit 65458,0.0
travel permit 10120,Send Reminder,2018-08-01 06:00:59+00:00,organizational unit 65458,0.0
travel permit 10159,Send Reminder,2018-08-01 06:00:47+00:00,organizational unit 65466,0.0
travel permit 1019,Send Reminder,2018-07-01 06:01:21+00:00,organizational unit 65454,0.0
travel permit 10194,Send Reminder,2019-01-01 06:00:51+00:00,organizational unit 65466,0.0
travel permit 10200,Send Reminder,2019-01-01 06:00:46+00:00,organizational unit 65454,0.0
travel permit 10341,Send Reminder,2019-01-01 06:00:39+00:00,organizational unit 65472,0.0
travel permit 10360,Send Reminder,2019-02-01 06:00:43+00:00,organizational unit 65454,0.0
travel permit 10366,Send Reminder,2019-03-01 06:00:57+00:00,organizational unit 65454,0.0
travel permit 10508,Send Reminder,2018-11-01 06:00:37+00:00,organizational unit 65458,0.0
travel permit 10514,Send Reminder,2018-11-01 06:00:33+00:00,organizational unit 65454,0.0
travel permit 10538,Send Reminder,2019-01-01 06:00:45+00:00,organizational unit 65457,1039.7955692181552
travel permit 10569,Send Reminder,2018-11-01 06:00:43+00:00,organizational unit 65459,0.0
travel permit 10751,Send Reminder,2019-03-01 06:00:59+00:00,organizational unit 65460,0.0
travel permit 10790,Send Reminder,2019-01-01 06:00:43+00:00,organizational unit 65457,0.0
travel permit 10830,Send Reminder,2019-02-01 06:00:51+00:00,organizational unit 65454,0.0
travel permit 10920,Send Reminder,2018-11-01 06:00:36+00:00,organizational unit 65456,0.0
travel permit 11140,Send Reminder,2018-11-01 06:00:31+00:00,organizational unit 65460,0.0
travel permit 11274,Send Reminder,2019-03-01 06:00:42+00:00,organizational unit 65457,0.0
travel permit 11318,Send Reminder,2019-01-01 06:00:13+00:00,organizational unit 65456,0.0
travel permit 11371,Send Reminder,2019-05-01 06:00:55+00:00,organizational unit 65458,2354.157015302422
travel permit 11407,Send Reminder,2019-04-01 06:00:55+00:00,organizational unit 65457,0.0
travel permit 11412,Send Reminder,2019-07-01 06:01:07+00:00,organizational unit 65458,0.0
travel permit 11517,Send Reminder,2018-12-01 06:00:52+00:00,organizational unit 65458,0.0
travel permit 11727,Send Reminder,2019-02-01 06:00:39+00:00,organizational unit 65464,0.0
travel permit 11733,Send Reminder,2019-01-01 06:00:19+00:00,organizational unit 65455,0.0
travel permit 11757,Send Reminder,2019-03-01 06:01:02+00:00,organizational unit 65472,0.0
travel permit 11906,Send Reminder,2019-07-01 06:00:59+00:00,organizational unit 65459,2602.983140227196
travel permit 11929,Send Reminder,2019-03-01 06:00:57+00:00,organizational unit 65458,0.0
travel permit 11972,Send Reminder,2019-02-01 06:00:59+00:00,organizational unit 65455,0.0
travel permit 12000,Send Reminder,2019-03-01 06:01:04+00:00,organizational unit 65456,0.0
travel permit 12055,Send Reminder,2019-01-01 06:00:41+00:00,organizational unit 65456,0.0
travel permit 12150,Send Reminder,2019-04-01 06:00:54+00:00,organizational unit 65458,0.0
travel permit 12234,Send Reminder,2019-02-01 06:00:30+00:00,organizational unit 65458,0.0
travel permit 12240,Send Reminder,2019-03-01 06:00:36+00:00,organizational unit 65460,0.0
travel permit 12251,Send Reminder,2019-08-01 06:00:48+00:00,organizational unit 65454,0.0
travel permit 12277,Send Reminder,2019-03-01 06:00:51+00:00,organizational unit 65477,0.0
travel permit 12387,Send Reminder,2018-12-01 06:00:52+00:00,organizational unit 65459,0.0
travel permit 12455,Send Reminder,2018-12-01 06:00:49+00:00,organizational unit 65458,0.0
travel permit 12548,Send Reminder,2019-04-01 06:00:54+00:00,organizational unit 65459,0.0
travel permit 12554,Send Reminder,2019-07-01 06:01:21+00:00,organizational unit 65466,0.0
travel permit 12560,Send Reminder,2019-07-01 06:00:57+00:00,organizational unit 65466,0.0
travel permit 12566,Send Reminder,2019-07-01 06:00:40+00:00,organizational unit 65466,0.0
travel permit 12584,Send Reminder,2019-07-01 06:00:28+00:00,organizational unit 65475,246.58144431971564
travel permit 12641,Send Reminder,2019-02-01 06:00:28+00:00,organizational unit 65456,0.0
travel permit 12661,Send Reminder,2019-05-01 06:00:58+00:00,organizational unit 65456,0.0
travel permit 12666,Send Reminder,2019-05-01 06:01:00+00:00,organizational unit 65456,0.0
travel permit 13077,Send Reminder,2019-05-01 06:00:54+00:00,organizational unit 65456,0.0
travel permit 13082,Send Reminder,2019-03-01 06:00:54+00:00,organizational unit 65457,0.0
travel permit 13189,Send Reminder,2019-04-01 06:00:46+00:00,organizational unit 65457,0.0
travel permit 13205,Send Reminder,2019-02-01 06:00:55+00:00,organizational unit 65464,0.0
travel permit 13242,Send Reminder,2019-07-01 06:01:13+00:00,organizational unit 65458,0.0
travel permit 13271,Send Reminder,2019-02-01 06:00:48+00:00,organizational unit 65458,0.0
travel permit 13318,Send Reminder,2019-04-01 06:00:51+00:00,organizational unit 65455,584.8983170695735
travel permit 13434,Send Reminder,2019-04-01 06:00:54+00:00,organizational unit 65456,0.0
travel permit 13449,Send Reminder,2019-03-01 06:00:30+00:00,organizational unit 65456,0.0
travel permit 13476,Send Reminder,2019-03-01 06:00:54+00:00,organizational unit 65464,0.0
travel permit 13629,Send Reminder,2019-03-01 06:00:49+00:00,organizational unit 65458,0.0
travel permit 1380,Send Reminder,2018-06-01 06:01:05+00:00,organizational unit 65456,0.0
travel permit 13862,Send Reminder,2018-09-01 06:00:43+00:00,organizational unit 65455,0.0
travel permit 13985,Send Reminder,2019-05-01 06:00:55+00:00,organizational unit 65456,0.0
travel permit 14003,Send Reminder,2019-07-01 06:00:51+00:00,organizational unit 65469,0.0
travel permit 14009,Send Reminder,2019-01-01 06:00:28+00:00,organizational unit 65464,0.0
travel permit 14015,Send Reminder,2019-07-01 06:00:33+00:00,organizational unit 65469,0.0
travel permit 14076,Send Reminder,2019-01-01 06:00:12+00:00,organizational unit 65456,0.0
travel permit 14093,Send Reminder,2019-05-01 06:01:00+00:00,organizational unit 65455,0.0
travel permit 14125,Send Reminder,2019-02-01 06:00:58+00:00,organizational unit 65466,48.43270642796747
travel permit 14146,Send Reminder,2019-03-01 06:00:47+00:00,organizational unit 65456,0.0
travel permit 14267,Send Reminder,2018-06-01 06:00:56+00:00,organizational unit 65458,0.0
travel permit 14441,Send Reminder,2018-05-01 06:00:28+00:00,organizational unit 65461,0.0
travel permit 14497,Send Reminder,2018-08-01 06:00:53+00:00,organizational unit 65464,1442.576161259834
travel permit 14513,Send Reminder,2018-06-01 06:01:03+00:00,organizational unit 65459,0.0
travel permit 14531,Send Reminder,2018-08-01 06:00:48+00:00,organizational unit 65457,0.0
travel permit 14754,Send Reminder,2018-09-01 06:00:48+00:00,organizational unit 65455,0.0
travel permit 14815,Send Reminder,2018-07-01 06:01:16+00:00,organizational unit 65457,0.0
travel permit 15142,Send Reminder,2018-07-01 06:01:16+00:00,organizational unit 65455,0.0
travel permit 15277,Send Reminder,2018-08-01 06:00:55+00:00,organizational unit 65454,0.0
travel permit 15371,Send Reminder,2019-04-01 06:00:50+00:00,organizational unit 65477,0.0
travel permit 15377,Send Reminder,2019-04-01 06:00:52+00:00,organizational unit 65477,0.0
travel permit 15383,Send Reminder,2019-04-01 06:00:54+00:00,organizational unit 65477,0.0
travel permit 15398,Send Reminder,2019-05-01 06:00:59+00:00,organizational unit 65464,0.0
travel permit 15419,Send Reminder,2019-04-01 06:00:45+00:00,organizational unit 65458,0.0
travel permit 15429,Send Reminder,2019-04-01 06:00:52+00:00,organizational unit 65457,0.0
travel permit 15449,Send Reminder,2019-05-01 06:00:52+00:00,organizational unit 65456,0.0
travel permit 15454,Send Reminder,2019-05-01 06:00:19+00:00,organizational unit 65460,0.0
travel permit 15670,Send Reminder,2018-10-01 06:00:33+00:00,organizational unit 65455,0.0
travel permit 15687,Send Reminder,2019-03-01 06:00:55+00:00,organizational unit 65461,0.0
travel permit 15692,Send Reminder,2019-02-01 06:00:56+00:00,organizational unit 65454,0.0
travel permit 15707,Send Reminder,2018-10-01 06:00:37+00:00,organizational unit 65466,0.0
travel permit 15713,Send Reminder,2018-08-01 06:00:45+00:00,organizational unit 65458,0.0
travel permit 15718,Send Reminder,2018-09-01 06:00:51+00:00,organizational unit 65454,0.0
travel permit 15804,Send Reminder,2018-12-01 06:00:53+00:00,organizational unit 65456,0.0
travel permit 15895,Send Reminder,2018-11-01 06:00:44+00:00,organizational unit 65459,0.0
travel permit 15993,Send Reminder,2019-04-01 06:00:50+00:00,organizational unit 65477,0.0
travel permit 15999,Send Reminder,2019-03-01 06:00:47+00:00,organizational unit 65477,0.0
travel permit 16005,Send Reminder,2019-03-01 06:00:57+00:00,organizational unit 65477,0.0
travel permit 16057,Send Reminder,2019-06-01 06:01:12+00:00,organizational unit 65458,0.0
travel permit 1614,Send Reminder,2018-07-01 06:01:11+00:00,organizational unit 65459,0.0
travel permit 16210,Send Reminder,2019-01-01 06:00:46+00:00,organizational unit 65456,0.0
travel permit 16359,Send Reminder,2019-06-01 06:01:19+00:00,organizational unit 65454,0.0
travel permit 16552,Send Reminder,2019-05-01 06:00:59+00:00,organizational unit 65456,0.0
travel permit 16631,Send Reminder,2019-01-01 06:00:48+00:00,organizational unit 65454,0.0
travel permit 16658,Send Reminder,2019-03-01 06:00:50+00:00,organizational unit 65466,307.79871740469787
travel permit 16670,Send Reminder,2018-11-01 06:00:46+00:00,organizational unit 65457,0.0
travel permit 16777,Send Reminder,2019-01-01 06:00:53+00:00,organizational unit 65466,0.0
travel permit 1679,Send Reminder,2018-07-01 06:01:14+00:00,organizational unit 65458,0.0
travel permit 16836,Send Reminder,2019-01-01 06:00:47+00:00,organizational unit 65459,0.0
travel permit 16875,Send Reminder,2019-01-01 06:00:53+00:00,organizational unit 65458,0.0
travel permit 16901,Send Reminder,2019-01-01 06:00:17+00:00,organizational unit 65457,1286.1881502288775
travel permit 17033,Send Reminder,2018-11-01 06:00:06+00:00,organizational unit 65459,0.0
travel permit 1714,Send Reminder,2018-05-01 06:00:35+00:00,organizational unit 65464,0.0
travel permit 1720,Send Reminder,2018-06-01 06:01:04+00:00,organizational unit 65458,0.0
travel permit 17432,Send Reminder,2018-10-01 06:00:43+00:00,organizational unit 65460,0.0
travel permit 17565,Send Reminder,2019-03-01 06:00:46+00:00,organizational unit 65477,0.0
travel permit 17572,Send Reminder,2019-03-01 06:01:06+00:00,organizational unit 65477,0.0
travel permit 17578,Send Reminder,2019-03-01 06:01:04+00:00,organizational unit 65477,0.0
travel permit 17584,Send Reminder,2019-03-01 06:00:44+00:00,organizational unit 65477,0.0
travel permit 17590,Send Reminder,2019-03-01 06:00:44+00:00,organizational unit 65477,0.0
travel permit 17596,Send Reminder,2019-03-01 06:00:46+00:00,organizational unit 65477,0.0
travel permit 17602,Send Reminder,2019-03-01 06:00:43+00:00,organizational unit 65477,0.0
travel permit 17608,Send Reminder,2019-03-01 06:00:54+00:00,organizational unit 65477,0.0
travel permit 17614,Send Reminder,2019-05-01 06:00:57+00:00,organizational unit 65466,0.0
travel permit 17620,Send Reminder,2019-05-01 06:01:00+00:00,organizational unit 65466,0.0
travel permit 17626,Send Reminder,2019-06-01 06:01:03+00:00,organizational unit 65466,0.0
travel permit 17632,Send Reminder,2019-06-01 06:01:04+00:00,organizational unit 65466,0.0
travel permit 17646,Send Reminder,2019-04-01 06:00:53+00:00,organizational unit 65457,0.0
travel permit 17746,Send Reminder,2019-03-01 06:00:51+00:00,organizational unit 65458,136.5534677134304
travel permit 17884,Send Reminder,2019-03-01 06:01:02+00:00,organizational unit 65454,0.0
travel permit 17904,Send Reminder,2019-03-01 06:00:49+00:00,organizational unit 65454,0.0
travel permit 17979,Send Reminder,2018-09-01 06:00:50+00:00,organizational unit 65456,0.0
travel permit 18030,Send Reminder,2018-11-01 06:00:40+00:00,organizational unit 65466,0.0
travel permit 18088,Send Reminder,2018-10-01 06:00:43+00:00,organizational unit 65455,0.0
travel permit 18094,Send Reminder,2019-01-01 06:00:41+00:00,organizational unit 65459,0.0
travel permit 18178,Send Reminder,2019-02-01 06:00:31+00:00,organizational unit 65459,0.0
travel permit 18188,Send Reminder,2019-03-01 06:00:38+00:00,organizational unit 65459,0.0
travel permit 18221,Send Reminder,2019-04-01 06:00:50+00:00,organizational unit 65454,0.0
travel permit 18270,Send Reminder,2019-03-01 06:00:42+00:00,organizational unit 65458,936.5430252173319
travel permit 18306,Send Reminder,2019-04-01 06:00:55+00:00,organizational unit 65455,0.0
travel permit 18737,Send Reminder,2019-02-01 06:00:33+00:00,organizational unit 65458,0.0
travel permit 18801,Send Reminder,2019-06-01 06:01:02+00:00,organizational unit 65461,0.0
travel permit 18806,Send Reminder,2019-07-01 06:01:16+00:00,organizational unit 65461,0.0
travel permit 18811,Send Reminder,2019-05-01 06:00:56+00:00,organizational unit 65454,0.0
travel permit 18817,Send Reminder,2019-08-01 06:00:59+00:00,organizational unit 65454,0.0
travel permit 18840,Send Reminder,2019-06-01 06:01:18+00:00,organizational unit 65458,0.0
travel permit 18902,Send Reminder,2019-07-01 06:01:02+00:00,organizational unit 65464,0.0
travel permit 18908,Send Reminder,2019-04-01 06:00:48+00:00,organizational unit 65466,508.0567485870658
travel permit 19435,Send Reminder,2019-02-01 06:00:35+00:00,organizational unit 65461,100.95970439672546
travel permit 19544,Send Reminder,2018-11-01 06:00:43+00:00,organizational unit 65459,0.0
travel permit 19728,Send Reminder,2019-01-01 06:00:46+00:00,organizational unit 65466,326.25171858449136
travel permit 19761,Send Reminder,2018-11-01 06:00:39+00:00,organizational unit 65456,0.0
travel permit 19839,Send Reminder,2019-02-01 06:00:54+00:00,organizational unit 65455,0.0
travel permit 20482,Send Reminder,2019-01-01 06:00:48+00:00,organizational unit 65457,0.0
travel permit 20639,Send Reminder,2018-11-01 06:00:45+00:00,organizational unit 65454,0.0
travel permit 20762,Send Reminder,2018-11-01 06:00:43+00:00,organizational unit 65459,0.0
travel permit 20767,Send Reminder,2019-04-01 06:00:47+00:00,organizational unit 65459,0.0
travel permit 20896,Send Reminder,2018-09-01 06:00:54+00:00,organizational unit 65454,0.0
travel permit 21087,Send Reminder,2019-03-01 06:00:52+00:00,organizational unit 65461,0.0
travel permit 21204,Send Reminder,2018-07-01 06:00:58+00:00,organizational unit 65458,0.0
travel permit 21210,Send Reminder,2018-08-01 06:00:31+00:00,organizational unit 65458,0.0
travel permit 21299,Send Reminder,2018-10-01 06:00:34+00:00,organizational unit 65460,0.0
travel permit 21447,Send Reminder,2018-12-01 06:00:50+00:00,organizational unit 65455,0.0
travel permit 21452,Send Reminder,2018-07-01 06:01:12+00:00,organizational unit 65459,0.0
travel permit 21549,Send Reminder,2018-08-01 06:00:51+00:00,organizational unit 65456,0.0
travel permit 21782,Send Reminder,2018-10-01 06:00:53+00:00,organizational unit 65454,0.0
travel permit 21787,Send Reminder,2018-10-01 06:00:40+00:00,organizational unit 65454,0.0
travel permit 21890,Send Reminder,2018-11-01 06:00:35+00:00,organizational unit 65458,0.0
travel permit 21970,Send Reminder,2018-06-01 06:01:00+00:00,organizational unit 65455,0.0
travel permit 21975,Send Reminder,2018-05-01 06:00:31+00:00,organizational unit 65459,0.0
travel permit 21991,Send Reminder,2018-06-01 06:01:07+00:00,organizational unit 65466,0.0
travel permit 22173,Send Reminder,2019-01-01 06:00:53+00:00,organizational unit 65456,0.0
travel permit 22215,Send Reminder,2018-12-01 06:00:53+00:00,organizational unit 65455,0.0
travel permit 22352,Send Reminder,2018-10-01 06:00:52+00:00,organizational unit 65454,0.0
travel permit 2242,Send Reminder,2018-08-01 06:00:47+00:00,organizational unit 65457,483.4348289152175
travel permit 22639,Send Reminder,2018-09-01 06:00:50+00:00,organizational unit 65455,0.0
travel permit 22644,Send Reminder,2018-06-01 06:00:53+00:00,organizational unit 65455,0.0
travel permit 22898,Send Reminder,2018-09-01 06:00:41+00:00,organizational unit 65456,912.4172809869735
travel permit 22999,Send Reminder,2018-06-01 06:00:30+00:00,organizational unit 65459,0.0
travel permit 23184,Send Reminder,2018-08-01 06:00:56+00:00,organizational unit 65466,0.0
travel permit 23527,Send Reminder,2018-11-01 06:00:34+00:00,organizational unit 65458,0.0
travel permit 23533,Send Reminder,2018-09-01 06:00:45+00:00,organizational unit 65458,0.0
travel permit 23617,Send Reminder,2018-06-01 06:01:02+00:00,organizational unit 65456,622.1729145055282
travel permit 23762,Send Reminder,2018-07-01 06:01:15+00:00,organizational unit 65458,0.0
travel permit 23817,Send Reminder,2019-02-01 06:00:41+00:00,organizational unit 65459,0.0
travel permit 23828,Send Reminder,2019-06-01 06:01:12+00:00,organizational unit 65454,0.0
travel permit 23878,Send Reminder,2019-05-01 06:00:44+00:00,organizational unit 65469,0.0
travel permit 23925,Send Reminder,2019-03-01 06:00:34+00:00,organizational unit 65461,0.0
travel permit 24149,Send Reminder,2018-07-01 06:01:23+00:00,organizational unit 65454,0.0
travel permit 24181,Send Reminder,2018-07-01 06:01:12+00:00,organizational unit 65459,0.0
travel permit 24257,Send Reminder,2019-01-01 06:00:20+00:00,organizational unit 65469,0.0
travel permit 24292,Send Reminder,2019-01-01 06:00:18+00:00,organizational unit 65464,0.0
travel permit 24298,Send Reminder,2019-04-01 06:00:54+00:00,organizational unit 65458,0.0
travel permit 24353,Send Reminder,2019-03-01 06:01:00+00:00,organizational unit 65454,16.13648170732623
travel permit 2438,Send Reminder,2018-07-01 06:01:22+00:00,organizational unit 65459,199.6213594251007
travel permit 24405,Send Reminder,2019-02-01 06:00:36+00:00,organizational unit 65458,0.0
travel permit 24411,Send Reminder,2019-03-01 06:00:28+00:00,organizational unit 65458,0.0
travel permit 24417,Send Reminder,2019-04-01 06:00:53+00:00,organizational unit 65456,0.0
travel permit 24604,Send Reminder,2018-09-01 06:00:55+00:00,organizational unit 65455,0.0
travel permit 24756,Send Reminder,2018-09-01 06:00:44+00:00,organizational unit 65460,0.0
travel permit 24966,Send Reminder,2019-05-01 06:00:56+00:00,organizational unit 65454,0.0
travel permit 24981,Send Reminder,2019-04-01 06:00:50+00:00,organizational unit 65457,0.0
travel permit 24986,Send Reminder,2019-04-01 06:00:32+00:00,organizational unit 65457,0.0
travel permit 24997,Send Reminder,2019-04-01 06:00:46+00:00,organizational unit 65464,0.0
travel permit 25182,Send Reminder,2018-10-01 06:00:45+00:00,organizational unit 65455,0.0
travel permit 25257,Send Reminder,2018-11-01 06:00:32+00:00,organizational unit 65457,0.0
travel permit 25314,Send Reminder,2018-11-01 06:00:46+00:00,organizational unit 65464,1163.8527445000989
travel permit 25339,Send Reminder,2018-11-01 06:00:34+00:00,organizational unit 65464,1887.328774865025
travel permit 25356,Send Reminder,2018-08-01 06:00:46+00:00,organizational unit 65457,0.0
travel permit 25398,Send Reminder,2018-08-01 06:00:51+00:00,organizational unit 65455,0.0
travel permit 25496,Send Reminder,2018-08-01 06:00:52+00:00,organizational unit 65464,0.0
travel permit 25758,Send Reminder,2018-11-01 06:00:39+00:00,organizational unit 65458,0.0
travel permit 25795,Send Reminder,2019-03-01 06:00:39+00:00,organizational unit 65456,0.0
travel permit 25801,Send Reminder,2018-12-01 06:00:47+00:00,organizational unit 65466,0.0
travel permit 25979,Send Reminder,2019-01-01 06:00:27+00:00,organizational unit 65461,639.6373218154954
travel permit 2598,Send Reminder,2018-06-01 06:01:06+00:00,organizational unit 65461,0.0
travel permit 26038,Send Reminder,2018-08-01 06:00:49+00:00,organizational unit 65458,0.0
travel permit 26043,Send Reminder,2018-12-01 06:00:46+00:00,organizational unit 65456,0.0
travel permit 26070,Send Reminder,2018-09-01 06:00:49+00:00,organizational unit 65459,0.0
travel permit 26255,Send Reminder,2018-08-01 06:00:44+00:00,organizational unit 65454,0.0
travel permit 26260,Send Reminder,2018-09-01 06:00:50+00:00,organizational unit 65454,0.0
travel permit 26278,Send Reminder,2018-10-01 06:00:41+00:00,organizational unit 65456,207.59505103408225
travel permit 26391,Send Reminder,2018-07-01 06:01:06+00:00,organizational unit 65458,0.0
travel permit 26424,Send Reminder,2018-10-01 06:00:49+00:00,organizational unit 65460,0.0
travel permit 26535,Send Reminder,2019-03-01 06:00:46+00:00,organizational unit 65454,0.0
travel permit 26586,Send Reminder,2019-04-01 06:00:51+00:00,organizational unit 65455,0.0
travel permit 26596,Send Reminder,2019-05-01 06:01:00+00:00,organizational unit 65457,0.0
travel permit 26614,Send Reminder,2019-01-01 06:00:30+00:00,organizational unit 65458,0.0
travel permit 26619,Send Reminder,2019-03-01 06:00:56+00:00,organizational unit 65454,0.0
travel permit 26625,Send Reminder,2019-06-01 06:01:19+00:00,organizational unit 65470,0.0
travel permit 26666,Send Reminder,2019-02-01 06:00:48+00:00,organizational unit 65455,0.0
travel permit 26691,Send Reminder,2019-02-01 06:00:59+00:00,organizational unit 65455,0.0
travel permit 26885,Send Reminder,2018-05-01 06:00:32+00:00,organizational unit 65458,0.0
travel permit 26903,Send Reminder,2018-06-01 06:01:05+00:00,organizational unit 65454,0.0
travel permit 26998,Send Reminder,2018-09-01 06:00:52+00:00,organizational unit 65454,0.0
travel permit 27086,Send Reminder,2019-04-01 06:00:47+00:00,organizational unit 65458,0.0
travel permit 27121,Send Reminder,2019-08-01 06:00:59+00:00,organizational unit 65460,0.0
travel permit 27131,Send Reminder,2019-06-01 06:01:10+00:00,organizational unit 65455,0.0
travel permit 27141,Send Reminder,2019-02-01 06:00:54+00:00,organizational unit 65456,0.0
travel permit 27146,Send Reminder,2019-03-01 06:00:44+00:00,organizational unit 65472,0.0
travel permit 27250,Send Reminder,2019-03-01 06:00:48+00:00,organizational unit 65464,0.0
travel permit 27375,Send Reminder,2018-08-01 06:00:45+00:00,organizational unit 65454,0.0
travel permit 27512,Send Reminder,2018-10-01 06:00:49+00:00,organizational unit 65455,0.0
travel permit 27543,Send Reminder,2018-10-01 06:00:34+00:00,organizational unit 65456,0.0
travel permit 27624,Send Reminder,2019-06-01 06:01:17+00:00,organizational unit 65458,0.0
travel permit 27648,Send Reminder,2019-04-01 06:00:35+00:00,organizational unit 65470,0.0
travel permit 27665,Send Reminder,2019-06-01 06:01:04+00:00,organizational unit 65466,0.0
travel permit 27689,Send Reminder,2019-05-01 06:00:58+00:00,organizational unit 65459,0.0
travel permit 27710,Send Reminder,2019-02-01 06:00:57+00:00,organizational unit 65459,0.0
travel permit 27745,Send Reminder,2019-04-01 06:00:53+00:00,organizational unit 65473,0.0
travel permit 27761,Send Reminder,2019-06-01 06:01:11+00:00,organizational unit 65457,0.0
travel permit 27777,Send Reminder,2019-03-01 06:00:56+00:00,organizational unit 65464,0.0
travel permit 27913,Send Reminder,2019-06-01 06:01:20+00:00,organizational unit 65455,0.0
travel permit 27963,Send Reminder,2019-03-01 06:00:57+00:00,organizational unit 65456,0.0
travel permit 27968,Send Reminder,2019-02-01 06:00:34+00:00,organizational unit 65455,0.0
travel permit 2797,Send Reminder,2018-06-01 06:00:59+00:00,organizational unit 65456,0.0
travel permit 27973,Send Reminder,2019-01-01 06:00:08+00:00,organizational unit 65458,0.0
travel permit 28023,Send Reminder,2018-10-01 06:00:42+00:00,organizational unit 65455,0.0
travel permit 28178,Send Reminder,2018-10-01 06:00:42+00:00,organizational unit 65456,0.0
travel permit 28289,Send Reminder,2018-09-01 06:00:48+00:00,organizational unit 65466,0.0
travel permit 28363,Send Reminder,2018-07-01 06:01:18+00:00,organizational unit 65458,0.0
travel permit 28474,Send Reminder,2019-02-01 06:00:37+00:00,organizational unit 65455,0.0
travel permit 28479,Send Reminder,2019-03-01 06:00:51+00:00,organizational unit 65455,0.0
travel permit 28494,Send Reminder,2019-03-01 06:01:02+00:00,organizational unit 65455,0.0
travel permit 28590,Send Reminder,2019-02-01 06:00:34+00:00,organizational unit 65460,0.0
travel permit 28595,Send Reminder,2019-04-01 06:00:52+00:00,organizational unit 65460,0.0
travel permit 28600,Send Reminder,2019-04-01 06:00:47+00:00,organizational unit 65454,0.0
travel permit 28615,Send Reminder,2018-10-01 06:00:39+00:00,organizational unit 65454,0.0
travel permit 28751,Send Reminder,2018-10-01 06:00:41+00:00,organizational unit 65456,0.0
travel permit 2881,Send Reminder,2018-06-01 06:00:57+00:00,organizational unit 65460,0.0
travel permit 2887,Send Reminder,2019-02-01 06:00:40+00:00,organizational unit 65460,0.0
travel permit 28908,Send Reminder,2019-02-01 06:00:49+00:00,organizational unit 65460,0.0
travel permit 28935,Send Reminder,2018-12-01 06:00:49+00:00,organizational unit 65459,0.0
travel permit 29001,Send Reminder,2018-08-01 06:00:46+00:00,organizational unit 65460,0.0
travel permit 29007,Send Reminder,2018-08-01 06:00:55+00:00,organizational unit 65460,0.0
travel permit 29042,Send Reminder,2018-10-01 06:00:36+00:00,organizational unit 65461,0.0
travel permit 29172,Send Reminder,2019-04-01 06:00:52+00:00,organizational unit 65456,0.0
travel permit 29187,Send Reminder,2019-02-01 06:00:57+00:00,organizational unit 65454,0.0
travel permit 2919,Send Reminder,2018-06-01 06:01:02+00:00,organizational unit 65458,0.0
travel permit 29279,Send Reminder,2019-03-01 06:00:52+00:00,organizational unit 65458,0.0
travel permit 2937,Send Reminder,2018-07-01 06:01:22+00:00,organizational unit 65457,0.0
travel permit 2943,Send Reminder,2018-05-01 06:00:32+00:00,organizational unit 65472,0.0
travel permit 29463,Send Reminder,2019-03-01 06:00:59+00:00,organizational unit 65466,0.0
travel permit 29619,Send Reminder,2018-12-01 06:00:39+00:00,organizational unit 65459,0.0
travel permit 29691,Send Reminder,2018-11-01 06:00:41+00:00,organizational unit 65454,0.0
travel permit 29713,Send Reminder,2018-11-01 06:00:38+00:00,organizational unit 65464,0.0
travel permit 29718,Send Reminder,2019-03-01 06:00:53+00:00,organizational unit 65455,0.0
travel permit 29723,Send Reminder,2019-03-01 06:00:59+00:00,organizational unit 65455,0.0
travel permit 29752,Send Reminder,2019-01-01 06:00:22+00:00,organizational unit 65458,0.0
travel permit 29757,Send Reminder,2019-03-01 06:01:03+00:00,organizational unit 65457,0.0
travel permit 29762,Send Reminder,2019-03-01 06:00:57+00:00,organizational unit 65458,0.0
travel permit 29856,Send Reminder,2019-01-01 06:00:50+00:00,organizational unit 65455,0.0
travel permit 30017,Send Reminder,2019-02-01 06:00:51+00:00,organizational unit 65459,0.0
travel permit 30266,Send Reminder,2018-11-01 06:00:34+00:00,organizational unit 65454,0.0
travel permit 30406,Send Reminder,2019-03-01 06:00:51+00:00,organizational unit 65454,0.0
travel permit 30436,Send Reminder,2019-02-01 06:00:53+00:00,organizational unit 65456,0.0
travel permit 30533,Send Reminder,2019-03-01 06:01:00+00:00,organizational unit 65465,0.0
travel permit 30538,Send Reminder,2019-01-01 06:00:39+00:00,organizational unit 65454,16.13648170732623
travel permit 30670,Send Reminder,2019-06-01 06:01:07+00:00,organizational unit 65474,0.0
travel permit 30688,Send Reminder,2019-03-01 06:00:39+00:00,organizational unit 65467,0.0
travel permit 30836,Send Reminder,2018-11-01 06:00:44+00:00,organizational unit 65457,0.0
travel permit 31133,Send Reminder,2018-10-01 06:00:22+00:00,organizational unit 65456,0.0
travel permit 31164,Send Reminder,2018-10-01 06:00:48+00:00,organizational unit 65460,0.0
travel permit 31180,Send Reminder,2018-06-01 06:00:59+00:00,organizational unit 65469,0.0
travel permit 31373,Send Reminder,2019-01-01 06:00:11+00:00,organizational unit 65455,0.0
travel permit 31380,Send Reminder,2019-03-01 06:00:40+00:00,organizational unit 65456,0.0
travel permit 31462,Send Reminder,2018-06-01 06:00:58+00:00,organizational unit 65454,0.0
travel permit 31934,Send Reminder,2019-02-01 06:00:39+00:00,organizational unit 65456,0.0
travel permit 31973,Send Reminder,2018-06-01 06:00:59+00:00,organizational unit 65458,0.0
travel permit 3211,Send Reminder,2018-04-01 06:00:44+00:00,organizational unit 65459,0.0
travel permit 3218,Send Reminder,2018-06-01 06:01:02+00:00,organizational unit 65459,0.0
travel permit 32266,Send Reminder,2018-09-01 06:00:42+00:00,organizational unit 65464,0.0
travel permit 32346,Send Reminder,2019-03-01 06:00:48+00:00,organizational unit 65455,0.0
travel permit 32351,Send Reminder,2018-10-01 06:00:44+00:00,organizational unit 65454,0.0
travel permit 32371,Send Reminder,2018-08-01 06:00:46+00:00,organizational unit 65455,0.0
travel permit 32571,Send Reminder,2018-09-01 06:00:41+00:00,organizational unit 65470,0.0
travel permit 32733,Send Reminder,2019-02-01 06:00:58+00:00,organizational unit 65464,0.0
travel permit 3281,Send Reminder,2018-06-01 06:01:00+00:00,organizational unit 65456,0.0
travel permit 32913,Send Reminder,2018-10-01 06:00:43+00:00,organizational unit 65464,549.2033068629434
travel permit 33153,Send Reminder,2019-03-01 06:01:06+00:00,organizational unit 65457,0.0
travel permit 33254,Send Reminder,2018-10-01 06:00:47+00:00,organizational unit 65458,0.0
travel permit 33297,Send Reminder,2018-10-01 06:00:37+00:00,organizational unit 65456,408.9096609449582
travel permit 33505,Send Reminder,2019-02-01 06:00:47+00:00,organizational unit 65457,0.0
travel permit 33558,Send Reminder,2019-03-01 06:00:54+00:00,organizational unit 65459,0.0
travel permit 33707,Send Reminder,2019-02-01 06:00:51+00:00,organizational unit 65459,0.0
travel permit 33905,Send Reminder,2018-11-01 06:00:43+00:00,organizational unit 65458,0.0
travel permit 33941,Send Reminder,2018-10-01 06:00:17+00:00,organizational unit 65454,0.0
travel permit 34042,Send Reminder,2018-12-01 06:00:51+00:00,organizational unit 65459,0.0
travel permit 34160,Send Reminder,2019-04-01 06:00:55+00:00,organizational unit 65454,0.0
travel permit 34165,Send Reminder,2019-03-01 06:01:00+00:00,organizational unit 65456,0.0
travel permit 3422,Send Reminder,2018-10-01 06:00:37+00:00,organizational unit 65455,0.0
travel permit 34354,Send Reminder,2018-12-01 06:00:27+00:00,organizational unit 65460,0.0
travel permit 34408,Send Reminder,2019-02-01 06:00:49+00:00,organizational unit 65455,0.0
travel permit 34636,Send Reminder,2018-12-01 06:00:53+00:00,organizational unit 65455,0.0
travel permit 3470,Send Reminder,2018-07-01 06:01:17+00:00,organizational unit 65464,0.0
travel permit 34904,Send Reminder,2019-04-01 06:00:48+00:00,organizational unit 65466,0.0
travel permit 34909,Send Reminder,2019-03-01 06:01:03+00:00,organizational unit 65469,0.0
travel permit 34933,Send Reminder,2019-08-01 06:00:54+00:00,organizational unit 65456,0.0
travel permit 35068,Send Reminder,2019-01-01 06:00:40+00:00,organizational unit 65459,0.0
travel permit 35216,Send Reminder,2019-03-01 06:00:50+00:00,organizational unit 65454,21.515308943101637
travel permit 35279,Send Reminder,2019-01-01 06:00:28+00:00,organizational unit 65466,647.7212690602477
travel permit 35337,Send Reminder,2019-05-01 06:00:59+00:00,organizational unit 65464,0.0
travel permit 3540,Send Reminder,2018-10-01 06:00:49+00:00,organizational unit 65455,0.0
travel permit 35401,Send Reminder,2019-02-01 06:00:50+00:00,organizational unit 65459,0.0
travel permit 35406,Send Reminder,2019-05-01 06:00:54+00:00,organizational unit 65454,0.0
travel permit 35411,Send Reminder,2019-03-01 06:00:48+00:00,organizational unit 65458,0.0
travel permit 35458,Send Reminder,2019-03-01 06:00:43+00:00,organizational unit 65465,0.0
travel permit 35510,Send Reminder,2019-02-01 06:00:56+00:00,organizational unit 65456,108.64047667718408
travel permit 35591,Send Reminder,2019-02-01 06:00:53+00:00,organizational unit 65456,0.0
travel permit 35923,Send Reminder,2018-10-01 06:00:34+00:00,organizational unit 65454,0.0
travel permit 35928,Send Reminder,2018-09-01 06:00:46+00:00,organizational unit 65458,0.0
travel permit 35934,Send Reminder,2018-09-01 06:00:47+00:00,organizational unit 65466,0.0
travel permit 36045,Send Reminder,2018-09-01 06:00:49+00:00,organizational unit 65458,0.0
travel permit 36103,Send Reminder,2018-08-01 06:00:24+00:00,organizational unit 65456,0.0
travel permit 36391,Send Reminder,2018-10-01 06:00:52+00:00,organizational unit 65459,0.0
travel permit 36411,Send Reminder,2019-01-01 06:00:43+00:00,organizational unit 65455,0.0
travel permit 36416,Send Reminder,2019-01-01 06:00:48+00:00,organizational unit 65459,0.0
travel permit 36502,Send Reminder,2018-12-01 06:00:49+00:00,organizational unit 65457,0.0
travel permit 36561,Send Reminder,2018-10-01 06:00:47+00:00,organizational unit 65460,0.0
travel permit 36566,Send Reminder,2018-10-01 06:00:35+00:00,organizational unit 65460,0.0
travel permit 36682,Send Reminder,2018-09-01 06:00:44+00:00,organizational unit 65459,0.0
travel permit 36687,Send Reminder,2018-09-01 06:00:48+00:00,organizational unit 65457,0.0
travel permit 36785,Send Reminder,2018-10-01 06:00:36+00:00,organizational unit 65454,0.0
travel permit 36880,Send Reminder,2018-09-01 06:00:42+00:00,organizational unit 65458,0.0
travel permit 36963,Send Reminder,2018-07-01 06:01:19+00:00,organizational unit 65458,0.0
travel permit 36988,Send Reminder,2018-07-01 06:01:22+00:00,organizational unit 65460,609.3884887845393
travel permit 37000,Send Reminder,2018-12-01 06:00:50+00:00,organizational unit 65455,160.03078404654042
travel permit 37047,Send Reminder,2018-10-01 06:00:44+00:00,organizational unit 65460,372.5480239692567
travel permit 37097,Send Reminder,2018-08-01 06:00:43+00:00,organizational unit 65459,0.0
travel permit 37179,Send Reminder,2018-11-01 06:00:37+00:00,organizational unit 65456,0.0
travel permit 37656,Send Reminder,2018-10-01 06:00:51+00:00,organizational unit 65454,0.0
travel permit 37718,Send Reminder,2018-09-01 06:00:54+00:00,organizational unit 65460,0.0
travel permit 37723,Send Reminder,2018-07-01 06:00:50+00:00,organizational unit 65458,0.0
travel permit 37728,Send Reminder,2018-10-01 06:00:48+00:00,organizational unit 65458,257.8631002970797
travel permit 37859,Send Reminder,2018-09-01 06:00:54+00:00,organizational unit 65456,487.2236487072434
travel permit 37971,Send Reminder,2018-05-01 06:00:33+00:00,organizational unit 65459,0.0
travel permit 38016,Send Reminder,2018-10-01 06:00:52+00:00,organizational unit 65454,0.0
travel permit 38021,Send Reminder,2018-10-01 06:00:38+00:00,organizational unit 65454,0.0
travel permit 38222,Send Reminder,2018-10-01 06:00:42+00:00,organizational unit 65464,0.0
travel permit 3823,Send Reminder,2018-08-01 06:00:56+00:00,organizational unit 65455,0.0
travel permit 38259,Send Reminder,2018-10-01 06:00:39+00:00,organizational unit 65454,0.0
travel permit 38294,Send Reminder,2018-09-01 06:00:54+00:00,organizational unit 65459,0.0
travel permit 38322,Send Reminder,2018-10-01 06:00:50+00:00,organizational unit 65458,0.0
travel permit 38640,Send Reminder,2019-04-01 06:00:49+00:00,organizational unit 65458,1007.531150947859
travel permit 38650,Send Reminder,2018-09-01 06:00:49+00:00,organizational unit 65458,0.0
travel permit 38755,Send Reminder,2018-09-01 06:00:51+00:00,organizational unit 65454,0.0
travel permit 38816,Send Reminder,2018-09-01 06:00:46+00:00,organizational unit 65469,0.0
travel permit 39016,Send Reminder,2018-10-01 06:00:46+00:00,organizational unit 65455,0.0
travel permit 39021,Send Reminder,2018-10-01 06:00:39+00:00,organizational unit 65456,0.0
travel permit 39026,Send Reminder,2018-10-01 06:00:45+00:00,organizational unit 65456,0.0
travel permit 39130,Send Reminder,2018-11-01 06:00:35+00:00,organizational unit 65457,1167.907912038848
travel permit 39201,Send Reminder,2018-09-01 06:00:54+00:00,organizational unit 65464,0.0
travel permit 39207,Send Reminder,2018-09-01 06:00:42+00:00,organizational unit 65455,0.0
travel permit 39341,Send Reminder,2018-09-01 06:00:55+00:00,organizational unit 65454,15.311335221111111
travel permit 39583,Send Reminder,2019-01-01 06:00:52+00:00,organizational unit 65459,0.0
travel permit 39588,Send Reminder,2018-10-01 06:00:45+00:00,organizational unit 65464,0.0
travel permit 39619,Send Reminder,2018-10-01 06:00:40+00:00,organizational unit 65460,0.0
travel permit 39987,Send Reminder,2018-12-01 06:00:47+00:00,organizational unit 65464,0.0
travel permit 39992,Send Reminder,2018-09-01 06:00:45+00:00,organizational unit 65456,0.0
travel permit 40313,Send Reminder,2019-03-01 06:01:03+00:00,organizational unit 65454,0.0
travel permit 40420,Send Reminder,2018-09-01 06:00:43+00:00,organizational unit 65454,0.0
travel permit 40528,Send Reminder,2018-10-01 06:00:47+00:00,organizational unit 65458,0.0
travel permit 40533,Send Reminder,2018-11-01 06:00:41+00:00,organizational unit 65458,0.0
travel permit 40657,Send Reminder,2018-10-01 06:00:51+00:00,organizational unit 65464,0.0
travel permit 40706,Send Reminder,2018-08-01 06:00:56+00:00,organizational unit 65455,0.0
travel permit 41008,Send Reminder,2018-10-01 06:00:46+00:00,organizational unit 65454,0.0
travel permit 41166,Send Reminder,2018-08-01 06:00:44+00:00,organizational unit 65458,0.0
travel permit 41436,Send Reminder,2018-05-01 06:00:32+00:00,organizational unit 65455,0.0
travel permit 41481,Send Reminder,2018-05-01 06:00:31+00:00,organizational unit 65458,0.0
travel permit 41514,Send Reminder,2018-06-01 06:00:55+00:00,organizational unit 65459,0.0
travel permit 4162,Send Reminder,2018-08-01 06:00:58+00:00,organizational unit 65455,0.0
travel permit 41642,Send Reminder,2018-10-01 06:00:53+00:00,organizational unit 65460,0.0
travel permit 42032,Send Reminder,2019-01-01 06:00:49+00:00,organizational unit 65469,0.0
travel permit 42037,Send Reminder,2018-08-01 06:00:57+00:00,organizational unit 65455,0.0
travel permit 42131,Send Reminder,2018-06-01 06:01:01+00:00,organizational unit 65458,0.0
travel permit 42245,Send Reminder,2018-06-01 06:00:56+00:00,organizational unit 65459,0.0
travel permit 42251,Send Reminder,2018-06-01 06:01:03+00:00,organizational unit 65459,0.0
travel permit 4232,Send Reminder,2018-10-01 06:00:37+00:00,organizational unit 65475,0.0
travel permit 4286,Send Reminder,2018-07-01 06:01:19+00:00,organizational unit 65454,0.0
travel permit 42931,Send Reminder,2018-08-01 06:00:49+00:00,organizational unit 65456,0.0
travel permit 43069,Send Reminder,2018-11-01 06:00:33+00:00,organizational unit 65457,559.487381268953
travel permit 4308,Send Reminder,2018-05-01 06:00:08+00:00,organizational unit 65455,0.0
travel permit 43107,Send Reminder,2019-01-01 06:00:40+00:00,organizational unit 65455,2424.604224082847
travel permit 43197,Send Reminder,2018-06-01 06:00:28+00:00,organizational unit 65459,0.0
travel permit 43528,Send Reminder,2018-08-01 06:00:44+00:00,organizational unit 65455,0.0
travel permit 43699,Send Reminder,2018-07-01 06:01:19+00:00,organizational unit 65459,2022.1731199809249
travel permit 43738,Send Reminder,2018-06-01 06:00:58+00:00,organizational unit 65458,0.0
travel permit 43792,Send Reminder,2018-11-01 06:00:32+00:00,organizational unit 65455,0.0
travel permit 438,Send Reminder,2018-07-01 06:01:21+00:00,organizational unit 65455,0.0
travel permit 43861,Send Reminder,2018-09-01 06:00:47+00:00,organizational unit 65458,0.0
travel permit 43867,Send Reminder,2019-02-01 06:00:56+00:00,organizational unit 65457,0.0
travel permit 43924,Send Reminder,2018-08-01 06:00:54+00:00,organizational unit 65461,0.0
travel permit 44050,Send Reminder,2018-08-01 06:00:57+00:00,organizational unit 65457,320.7617455143294
travel permit 44155,Send Reminder,2018-07-01 06:01:10+00:00,organizational unit 65460,0.0
travel permit 44190,Send Reminder,2018-07-01 06:01:22+00:00,organizational unit 65458,0.0
travel permit 44195,Send Reminder,2018-08-01 06:00:48+00:00,organizational unit 65456,1007.7997250478218
travel permit 44224,Send Reminder,2018-11-01 06:00:31+00:00,organizational unit 65454,0.0
travel permit 44322,Send Reminder,2018-08-01 06:00:54+00:00,organizational unit 65456,0.0
travel permit 44409,Send Reminder,2018-10-01 06:00:46+00:00,organizational unit 65454,467.3398592812813
travel permit 44565,Send Reminder,2018-07-01 06:01:09+00:00,organizational unit 65458,0.0
travel permit 44660,Send Reminder,2018-10-01 06:00:33+00:00,organizational unit 65454,0.0
travel permit 44815,Send Reminder,2018-08-01 06:00:49+00:00,organizational unit 65459,0.0
travel permit 44879,Send Reminder,2018-08-01 06:00:53+00:00,organizational unit 65455,0.0
travel permit 44896,Send Reminder,2018-09-01 06:00:43+00:00,organizational unit 65464,0.0
travel permit 44901,Send Reminder,2018-10-01 06:00:49+00:00,organizational unit 65457,0.0
travel permit 45025,Send Reminder,2018-07-01 06:00:50+00:00,organizational unit 65458,0.0
travel permit 45073,Send Reminder,2018-08-01 06:00:55+00:00,organizational unit 65458,0.0
travel permit 45176,Send Reminder,2018-08-01 06:00:58+00:00,organizational unit 65454,0.0
travel permit 45193,Send Reminder,2018-10-01 06:00:45+00:00,organizational unit 65469,0.0
travel permit 45236,Send Reminder,2018-07-01 06:00:52+00:00,organizational unit 65458,0.0
travel permit 45326,Send Reminder,2018-12-01 06:00:48+00:00,organizational unit 65455,0.0
travel permit 45560,Send Reminder,2018-09-01 06:00:52+00:00,organizational unit 65458,0.0
travel permit 45903,Send Reminder,2018-09-01 06:00:45+00:00,organizational unit 65459,0.0
travel permit 45942,Send Reminder,2018-10-01 06:00:40+00:00,organizational unit 65459,0.0
travel permit 45972,Send Reminder,2018-09-01 06:00:55+00:00,organizational unit 65460,0.0
travel permit 46152,Send Reminder,2018-12-01 06:00:50+00:00,organizational unit 65458,0.0
travel permit 46186,Send Reminder,2018-08-01 06:00:45+00:00,organizational unit 65458,0.0
travel permit 46332,Send Reminder,2018-09-01 06:00:49+00:00,organizational unit 65455,0.0
travel permit 4635,Send Reminder,2018-06-01 06:00:58+00:00,organizational unit 65474,0.0
travel permit 46406,Send Reminder,2018-09-01 06:00:47+00:00,organizational unit 65460,0.0
travel permit 46581,Send Reminder,2018-08-01 06:00:47+00:00,organizational unit 65469,0.0
travel permit 46611,Send Reminder,2018-10-01 06:00:33+00:00,organizational unit 65458,998.7200845318242
travel permit 46634,Send Reminder,2018-11-01 06:00:31+00:00,organizational unit 65458,0.0
travel permit 46670,Send Reminder,2019-03-01 06:00:58+00:00,organizational unit 65457,0.0
travel permit 46794,Send Reminder,2018-08-01 06:00:52+00:00,organizational unit 65459,0.0
travel permit 46819,Send Reminder,2018-08-01 06:00:44+00:00,organizational unit 65466,906.4064118262385
travel permit 46864,Send Reminder,2018-09-01 06:00:45+00:00,organizational unit 65454,0.0
travel permit 46967,Send Reminder,2018-11-01 06:00:44+00:00,organizational unit 65459,0.0
travel permit 47051,Send Reminder,2019-01-01 06:00:50+00:00,organizational unit 65459,221.30990934212954
travel permit 47086,Send Reminder,2018-10-01 06:00:44+00:00,organizational unit 65466,0.0
travel permit 47092,Send Reminder,2018-11-01 06:00:33+00:00,organizational unit 65466,0.0
travel permit 47098,Send Reminder,2018-11-01 06:00:38+00:00,organizational unit 65466,0.0
travel permit 47139,Send Reminder,2019-02-01 06:00:51+00:00,organizational unit 65455,0.0
travel permit 47182,Send Reminder,2019-04-01 06:00:47+00:00,organizational unit 65458,0.0
travel permit 47205,Send Reminder,2018-10-01 06:00:36+00:00,organizational unit 65460,0.0
travel permit 47279,Send Reminder,2018-08-01 06:00:54+00:00,organizational unit 65459,0.0
travel permit 47363,Send Reminder,2018-08-01 06:00:50+00:00,organizational unit 65458,0.0
travel permit 47368,Send Reminder,2018-09-01 06:00:47+00:00,organizational unit 65459,0.0
travel permit 47510,Send Reminder,2019-02-01 06:00:33+00:00,organizational unit 65464,0.0
travel permit 47584,Send Reminder,2019-03-01 06:00:45+00:00,organizational unit 65459,0.0
travel permit 47605,Send Reminder,2019-01-01 06:00:12+00:00,organizational unit 65458,0.0
travel permit 47645,Send Reminder,2019-03-01 06:00:53+00:00,organizational unit 65458,0.0
travel permit 47650,Send Reminder,2019-03-01 06:00:46+00:00,organizational unit 65456,0.0
travel permit 47687,Send Reminder,2019-03-01 06:00:31+00:00,organizational unit 65464,1375.2402645611564
travel permit 47722,Send Reminder,2019-03-01 06:00:36+00:00,organizational unit 65458,11015.051612944866
travel permit 47754,Send Reminder,2019-05-01 06:00:55+00:00,organizational unit 65460,0.0
travel permit 47875,Send Reminder,2019-06-01 06:01:10+00:00,organizational unit 65460,0.0
travel permit 47884,Send Reminder,2019-03-01 06:00:49+00:00,organizational unit 65454,0.0
travel permit 48050,Send Reminder,2019-02-01 06:00:58+00:00,organizational unit 65454,0.0
travel permit 48137,Send Reminder,2019-02-01 06:00:42+00:00,organizational unit 65454,0.0
travel permit 48174,Send Reminder,2019-04-01 06:00:48+00:00,organizational unit 65456,0.0
travel permit 48306,Send Reminder,2019-03-01 06:00:55+00:00,organizational unit 65464,0.0
travel permit 48312,Send Reminder,2019-01-01 06:00:23+00:00,organizational unit 65464,658.0848583256351
travel permit 48358,Send Reminder,2019-02-01 06:00:50+00:00,organizational unit 65459,0.0
travel permit 48418,Send Reminder,2019-03-01 06:01:05+00:00,organizational unit 65459,0.0
travel permit 48454,Send Reminder,2019-02-01 06:00:31+00:00,organizational unit 65454,0.0
travel permit 48459,Send Reminder,2019-04-01 06:00:38+00:00,organizational unit 65456,851.0107430024284
travel permit 48494,Send Reminder,2019-03-01 06:01:05+00:00,organizational unit 65461,0.0
travel permit 48518,Send Reminder,2019-01-01 06:00:21+00:00,organizational unit 65461,0.0
travel permit 48523,Send Reminder,2019-03-01 06:00:56+00:00,organizational unit 65456,0.0
travel permit 48528,Send Reminder,2019-03-01 06:00:45+00:00,organizational unit 65456,0.0
travel permit 48581,Send Reminder,2019-02-01 06:00:31+00:00,organizational unit 65456,1533.1975960188947
travel permit 4863,Send Reminder,2018-03-01 15:13:03+00:00,organizational unit 65460,0.0
travel permit 48696,Send Reminder,2019-04-01 06:00:49+00:00,organizational unit 65459,0.0
travel permit 48720,Send Reminder,2019-07-01 06:01:17+00:00,organizational unit 65466,0.0
travel permit 49167,Send Reminder,2019-02-01 06:00:41+00:00,organizational unit 65458,0.0
travel permit 49183,Send Reminder,2019-02-01 06:00:26+00:00,organizational unit 65459,0.0
travel permit 49302,Send Reminder,2019-04-01 06:00:55+00:00,organizational unit 65454,0.0
travel permit 49334,Send Reminder,2019-03-01 06:01:04+00:00,organizational unit 65454,0.0
travel permit 49339,Send Reminder,2019-03-01 06:01:06+00:00,organizational unit 65454,0.0
travel permit 49358,Send Reminder,2019-05-01 06:00:59+00:00,organizational unit 65455,0.0
travel permit 49610,Send Reminder,2019-02-01 06:00:34+00:00,organizational unit 65464,0.0
travel permit 49625,Send Reminder,2018-08-01 06:00:54+00:00,organizational unit 65459,0.0
travel permit 49867,Send Reminder,2018-10-01 06:00:34+00:00,organizational unit 65456,521.047451877221
travel permit 49892,Send Reminder,2018-09-01 06:00:42+00:00,organizational unit 65456,0.0
travel permit 50136,Send Reminder,2019-01-01 06:00:08+00:00,organizational unit 65456,0.0
travel permit 5016,Send Reminder,2018-07-01 06:01:19+00:00,organizational unit 65454,0.0
travel permit 50168,Send Reminder,2019-04-01 06:00:39+00:00,organizational unit 65455,0.0
travel permit 50215,Send Reminder,2019-03-01 06:01:02+00:00,organizational unit 65458,0.0
travel permit 5045,Send Reminder,2018-07-01 06:01:16+00:00,organizational unit 65460,0.0
travel permit 50458,Send Reminder,2019-01-01 06:00:45+00:00,organizational unit 65455,0.0
travel permit 50485,Send Reminder,2019-02-01 06:00:44+00:00,organizational unit 65466,0.0
travel permit 50491,Send Reminder,2019-02-01 06:00:42+00:00,organizational unit 65466,0.0
travel permit 50497,Send Reminder,2019-03-01 06:01:04+00:00,organizational unit 65466,0.0
travel permit 5050,Send Reminder,2018-07-01 06:01:10+00:00,organizational unit 65454,0.0
travel permit 50503,Send Reminder,2019-03-01 06:00:50+00:00,organizational unit 65466,0.0
travel permit 50509,Send Reminder,2019-04-01 06:00:56+00:00,organizational unit 65466,0.0
travel permit 50552,Send Reminder,2019-01-01 06:00:27+00:00,organizational unit 65459,923.2467296794754
travel permit 5056,Send Reminder,2018-07-01 06:01:16+00:00,organizational unit 65460,0.0
travel permit 50602,Send Reminder,2019-01-01 06:00:31+00:00,organizational unit 65455,0.0
travel permit 50677,Send Reminder,2019-08-01 06:00:29+00:00,organizational unit 65454,0.0
travel permit 50755,Send Reminder,2019-04-01 06:00:46+00:00,organizational unit 65459,0.0
travel permit 50772,Send Reminder,2019-05-01 06:00:56+00:00,organizational unit 65455,0.0
travel permit 50782,Send Reminder,2019-03-01 06:00:44+00:00,organizational unit 65466,0.0
travel permit 50798,Send Reminder,2019-07-01 06:01:22+00:00,organizational unit 65466,0.0
travel permit 50826,Send Reminder,2019-02-01 06:00:33+00:00,organizational unit 65454,0.0
travel permit 50850,Send Reminder,2019-05-01 06:00:54+00:00,organizational unit 65456,0.0
travel permit 50860,Send Reminder,2019-06-01 06:01:05+00:00,organizational unit 65461,0.0
travel permit 51051,Send Reminder,2019-02-01 06:00:56+00:00,organizational unit 65467,0.0
travel permit 51123,Send Reminder,2019-02-01 06:00:47+00:00,organizational unit 65475,0.0
travel permit 51300,Send Reminder,2018-09-01 06:00:41+00:00,organizational unit 65458,0.0
travel permit 51448,Send Reminder,2019-03-01 06:00:54+00:00,organizational unit 65455,0.0
travel permit 51531,Send Reminder,2019-03-01 06:00:47+00:00,organizational unit 65456,0.0
travel permit 51559,Send Reminder,2019-03-01 06:00:55+00:00,organizational unit 65454,0.0
travel permit 51684,Send Reminder,2019-02-01 06:00:46+00:00,organizational unit 65456,0.0
travel permit 51699,Send Reminder,2019-03-01 06:01:03+00:00,organizational unit 65454,0.0
travel permit 51733,Send Reminder,2019-01-01 06:00:50+00:00,organizational unit 65477,0.0
travel permit 51738,Send Reminder,2019-03-01 06:00:49+00:00,organizational unit 65464,0.0
travel permit 51763,Send Reminder,2019-02-01 06:00:42+00:00,organizational unit 65455,0.0
travel permit 51768,Send Reminder,2019-02-01 06:00:42+00:00,organizational unit 65457,0.0
travel permit 51773,Send Reminder,2018-12-01 06:00:43+00:00,organizational unit 65464,0.0
travel permit 5182,Send Reminder,2018-07-01 06:01:11+00:00,organizational unit 65459,0.0
travel permit 51867,Send Reminder,2018-09-01 06:00:41+00:00,organizational unit 65459,0.0
travel permit 520,Send Reminder,2019-01-01 06:00:44+00:00,organizational unit 65456,0.0
travel permit 52145,Send Reminder,2019-02-01 06:00:45+00:00,organizational unit 65464,0.0
travel permit 5216,Send Reminder,2018-08-01 06:00:48+00:00,organizational unit 65461,0.0
travel permit 52177,Send Reminder,2019-02-01 06:00:49+00:00,organizational unit 65456,0.0
travel permit 52313,Send Reminder,2019-02-01 06:00:44+00:00,organizational unit 65457,0.0
travel permit 5232,Send Reminder,2018-07-01 06:01:14+00:00,organizational unit 65459,0.0
travel permit 52334,Send Reminder,2019-02-01 06:00:55+00:00,organizational unit 65455,0.0
travel permit 52352,Send Reminder,2019-03-01 06:00:46+00:00,organizational unit 65460,0.0
travel permit 52357,Send Reminder,2019-03-01 06:01:05+00:00,organizational unit 65458,660.3507121505584
travel permit 52398,Send Reminder,2019-02-01 06:00:57+00:00,organizational unit 65457,0.0
travel permit 52455,Send Reminder,2019-01-01 06:00:38+00:00,organizational unit 65456,0.0
travel permit 52516,Send Reminder,2019-02-01 06:00:43+00:00,organizational unit 65459,0.0
travel permit 52526,Send Reminder,2019-02-01 06:00:57+00:00,organizational unit 65456,0.0
travel permit 52542,Send Reminder,2019-03-01 06:00:52+00:00,organizational unit 65460,0.0
travel permit 52664,Send Reminder,2018-10-01 06:00:42+00:00,organizational unit 65456,577.0328853506518
travel permit 52866,Send Reminder,2018-11-01 06:00:38+00:00,organizational unit 65459,0.0
travel permit 52919,Send Reminder,2018-10-01 06:00:48+00:00,organizational unit 65455,0.0
travel permit 52924,Send Reminder,2018-11-01 06:00:44+00:00,organizational unit 65459,0.0
travel permit 52952,Send Reminder,2018-11-01 06:00:41+00:00,organizational unit 65460,0.0
travel permit 53052,Send Reminder,2019-01-01 06:00:51+00:00,organizational unit 65454,0.0
travel permit 53205,Send Reminder,2019-02-01 06:00:44+00:00,organizational unit 65457,0.0
travel permit 53419,Send Reminder,2018-09-01 06:00:51+00:00,organizational unit 65457,0.0
travel permit 53476,Send Reminder,2018-07-01 06:01:09+00:00,organizational unit 65464,0.0
travel permit 53598,Send Reminder,2018-10-01 06:00:51+00:00,organizational unit 65464,0.0
travel permit 53613,Send Reminder,2019-01-01 06:00:40+00:00,organizational unit 65464,195.02397340271926
travel permit 53633,Send Reminder,2018-12-01 06:00:48+00:00,organizational unit 65456,1726.427942144873
travel permit 53738,Send Reminder,2018-11-01 06:00:42+00:00,organizational unit 65459,0.0
travel permit 53814,Send Reminder,2018-08-01 06:00:55+00:00,organizational unit 65458,0.0
travel permit 53853,Send Reminder,2018-10-01 06:00:41+00:00,organizational unit 65466,0.0
travel permit 53889,Send Reminder,2018-06-01 06:00:44+00:00,organizational unit 65456,0.0
travel permit 53894,Send Reminder,2018-09-01 06:00:53+00:00,organizational unit 65458,0.0
travel permit 53946,Send Reminder,2019-01-01 06:00:45+00:00,organizational unit 65464,0.0
travel permit 54072,Send Reminder,2018-07-01 06:01:14+00:00,organizational unit 65457,0.0
travel permit 54097,Send Reminder,2018-07-01 06:01:18+00:00,organizational unit 65459,0.0
travel permit 54402,Send Reminder,2018-12-01 06:00:52+00:00,organizational unit 65454,0.0
travel permit 54513,Send Reminder,2018-09-01 06:00:53+00:00,organizational unit 65455,0.0
travel permit 54518,Send Reminder,2018-11-01 06:00:42+00:00,organizational unit 65466,1458578.7551378002
travel permit 54541,Send Reminder,2018-09-01 06:00:53+00:00,organizational unit 65459,0.0
travel permit 54615,Send Reminder,2018-09-01 06:00:52+00:00,organizational unit 65455,0.0
travel permit 54866,Send Reminder,2018-11-01 06:00:36+00:00,organizational unit 65459,0.0
travel permit 54970,Send Reminder,2018-10-01 06:00:35+00:00,organizational unit 65454,0.0
travel permit 5505,Send Reminder,2018-07-01 06:01:12+00:00,organizational unit 65460,0.0
travel permit 5511,Send Reminder,2018-08-01 06:00:50+00:00,organizational unit 65466,215.9618899414876
travel permit 55245,Send Reminder,2018-06-01 06:01:06+00:00,organizational unit 65460,0.0
travel permit 55267,Send Reminder,2018-06-01 06:01:00+00:00,organizational unit 65455,0.0
travel permit 55555,Send Reminder,2018-07-01 06:01:20+00:00,organizational unit 65458,364.8937042709268
travel permit 5561,Send Reminder,2018-08-01 06:00:52+00:00,organizational unit 65477,0.0
travel permit 55623,Send Reminder,2019-02-01 06:00:52+00:00,organizational unit 65457,0.0
travel permit 55628,Send Reminder,2019-03-01 06:00:59+00:00,organizational unit 65454,0.0
travel permit 55697,Send Reminder,2019-02-01 06:00:58+00:00,organizational unit 65457,0.0
travel permit 55732,Send Reminder,2019-02-01 06:00:47+00:00,organizational unit 65455,0.0
travel permit 55772,Send Reminder,2019-03-01 06:01:04+00:00,organizational unit 65458,0.0
travel permit 55936,Send Reminder,2019-03-01 06:01:05+00:00,organizational unit 65454,0.0
travel permit 55951,Send Reminder,2019-02-01 06:00:55+00:00,organizational unit 65454,0.0
travel permit 5597,Send Reminder,2018-07-01 06:01:14+00:00,organizational unit 65455,0.0
travel permit 5602,Send Reminder,2018-07-01 06:01:15+00:00,organizational unit 65455,0.0
travel permit 56131,Send Reminder,2018-12-01 06:00:47+00:00,organizational unit 65454,0.0
travel permit 56188,Send Reminder,2018-11-01 06:00:37+00:00,organizational unit 65459,0.0
travel permit 56252,Send Reminder,2018-12-01 06:00:49+00:00,organizational unit 65460,150.78057669695505
travel permit 56310,Send Reminder,2018-04-01 06:00:52+00:00,organizational unit 65459,0.0
travel permit 56385,Send Reminder,2018-07-01 06:01:12+00:00,organizational unit 65456,0.0
travel permit 56572,Send Reminder,2019-03-01 06:00:50+00:00,organizational unit 65458,0.0
travel permit 56629,Send Reminder,2019-03-01 06:01:01+00:00,organizational unit 65464,0.0
travel permit 56648,Send Reminder,2019-02-01 06:00:46+00:00,organizational unit 65458,0.0
travel permit 56653,Send Reminder,2019-02-01 06:00:44+00:00,organizational unit 65458,0.0
travel permit 56658,Send Reminder,2019-02-01 06:00:57+00:00,organizational unit 65458,0.0
travel permit 56663,Send Reminder,2019-03-01 06:00:58+00:00,organizational unit 65458,0.0
travel permit 56668,Send Reminder,2019-03-01 06:00:54+00:00,organizational unit 65458,0.0
travel permit 56673,Send Reminder,2019-03-01 06:00:45+00:00,organizational unit 65458,0.0
travel permit 56678,Send Reminder,2019-03-01 06:01:01+00:00,organizational unit 65458,0.0
travel permit 56709,Send Reminder,2019-02-01 06:00:48+00:00,organizational unit 65464,0.0
travel permit 56727,Send Reminder,2019-04-01 06:00:51+00:00,organizational unit 65459,0.0
travel permit 56752,Send Reminder,2019-02-01 06:00:52+00:00,organizational unit 65457,0.0
travel permit 56757,Send Reminder,2019-02-01 06:00:59+00:00,organizational unit 65457,0.0
travel permit 56762,Send Reminder,2019-02-01 06:00:48+00:00,organizational unit 65455,0.0
travel permit 56790,Send Reminder,2019-02-01 06:00:54+00:00,organizational unit 65457,0.0
travel permit 56829,Send Reminder,2019-02-01 06:00:43+00:00,organizational unit 65456,0.0
travel permit 56878,Send Reminder,2019-02-01 06:00:54+00:00,organizational unit 65464,0.0
travel permit 57009,Send Reminder,2019-01-01 06:00:45+00:00,organizational unit 65456,809.5043157223065
travel permit 57305,Send Reminder,2018-07-01 06:01:23+00:00,organizational unit 65458,0.0
travel permit 57428,Send Reminder,2019-02-01 06:00:52+00:00,organizational unit 65458,0.0
travel permit 57561,Send Reminder,2019-03-01 06:00:47+00:00,organizational unit 65454,0.0
travel permit 57597,Send Reminder,2019-03-01 06:00:58+00:00,organizational unit 65456,0.0
travel permit 57613,Send Reminder,2019-03-01 06:00:52+00:00,organizational unit 65459,0.0
travel permit 57634,Send Reminder,2018-12-01 06:00:20+00:00,organizational unit 65455,5187.40096983191
travel permit 57675,Send Reminder,2019-01-01 06:00:29+00:00,organizational unit 65455,0.0
travel permit 57692,Send Reminder,2019-02-01 06:00:50+00:00,organizational unit 65458,0.0
travel permit 57707,Send Reminder,2019-03-01 06:00:42+00:00,organizational unit 65477,0.0
travel permit 57754,Send Reminder,2019-03-01 06:01:01+00:00,organizational unit 65456,146.24406517279027
travel permit 57776,Send Reminder,2019-03-01 06:00:56+00:00,organizational unit 65454,0.0
travel permit 57802,Send Reminder,2019-01-01 06:00:33+00:00,organizational unit 65458,0.0
travel permit 57834,Send Reminder,2019-03-01 06:00:49+00:00,organizational unit 65458,0.0
travel permit 57839,Send Reminder,2019-03-01 06:00:53+00:00,organizational unit 65457,0.0
travel permit 57858,Send Reminder,2019-02-01 06:00:50+00:00,organizational unit 65472,0.0
travel permit 57864,Send Reminder,2019-04-01 06:00:50+00:00,organizational unit 65456,314.7378515500774
travel permit 57994,Send Reminder,2019-02-01 06:00:53+00:00,organizational unit 65482,0.0
travel permit 58082,Send Reminder,2019-02-01 06:00:32+00:00,organizational unit 65457,0.0
travel permit 58210,Send Reminder,2019-08-01 06:01:01+00:00,organizational unit 65457,0.0
travel permit 58234,Send Reminder,2019-03-01 06:01:00+00:00,organizational unit 65465,0.0
travel permit 58245,Send Reminder,2019-01-01 06:00:35+00:00,organizational unit 65457,0.0
travel permit 58401,Send Reminder,2019-02-01 06:00:45+00:00,organizational unit 65454,0.0
travel permit 58420,Send Reminder,2019-03-01 06:00:52+00:00,organizational unit 65455,0.0
travel permit 58425,Send Reminder,2019-03-01 06:00:58+00:00,organizational unit 65454,0.0
travel permit 5847,Send Reminder,2018-10-01 06:00:36+00:00,organizational unit 65466,0.0
travel permit 58508,Send Reminder,2019-04-01 06:00:48+00:00,organizational unit 65454,0.0
travel permit 58565,Send Reminder,2019-05-01 06:00:46+00:00,organizational unit 65459,0.0
travel permit 58742,Send Reminder,2019-03-01 06:00:29+00:00,organizational unit 65457,0.0
travel permit 590,Send Reminder,2018-07-01 06:01:17+00:00,organizational unit 65454,0.0
travel permit 59113,Send Reminder,2019-01-01 06:00:49+00:00,organizational unit 65464,0.0
travel permit 59167,Send Reminder,2018-12-01 06:00:52+00:00,organizational unit 65459,0.0
travel permit 59213,Send Reminder,2019-02-01 06:00:49+00:00,organizational unit 65455,165.65786508915704
travel permit 59412,Send Reminder,2019-01-01 06:00:43+00:00,organizational unit 65456,0.0
travel permit 59418,Send Reminder,2019-01-01 06:00:42+00:00,organizational unit 65459,0.0
travel permit 59522,Send Reminder,2018-10-01 06:00:40+00:00,organizational unit 65455,0.0
travel permit 59527,Send Reminder,2018-12-01 06:00:39+00:00,organizational unit 65459,0.0
travel permit 59635,Send Reminder,2018-11-01 06:00:32+00:00,organizational unit 65456,0.0
travel permit 59670,Send Reminder,2018-11-01 06:00:44+00:00,organizational unit 65456,0.0
travel permit 59781,Send Reminder,2019-01-01 06:00:52+00:00,organizational unit 65457,0.0
travel permit 59786,Send Reminder,2019-03-01 06:01:02+00:00,organizational unit 65457,0.0
travel permit 60004,Send Reminder,2019-01-01 06:00:49+00:00,organizational unit 65469,0.0
travel permit 60128,Send Reminder,2019-03-01 06:00:42+00:00,organizational unit 65467,0.0
travel permit 60154,Send Reminder,2019-02-01 06:00:55+00:00,organizational unit 65454,0.0
travel permit 60160,Send Reminder,2019-01-01 06:00:40+00:00,organizational unit 65456,0.0
travel permit 60373,Send Reminder,2019-02-01 06:00:47+00:00,organizational unit 65461,0.0
travel permit 60547,Send Reminder,2018-11-01 06:00:40+00:00,organizational unit 65457,0.0
travel permit 60593,Send Reminder,2018-11-01 06:00:31+00:00,organizational unit 65455,1028.056913549024
travel permit 60711,Send Reminder,2019-01-01 06:00:51+00:00,organizational unit 65466,0.0
travel permit 60795,Send Reminder,2019-02-01 06:00:43+00:00,organizational unit 65459,0.0
travel permit 6084,Send Reminder,2018-07-01 06:01:22+00:00,organizational unit 65460,558.1529953083949
travel permit 60870,Send Reminder,2018-11-01 06:00:20+00:00,organizational unit 65462,0.0
travel permit 60921,Send Reminder,2019-01-01 06:00:42+00:00,organizational unit 65466,0.0
travel permit 61056,Send Reminder,2019-01-01 06:00:47+00:00,organizational unit 65454,0.0
travel permit 61652,Send Reminder,2018-10-01 06:00:53+00:00,organizational unit 65455,0.0
travel permit 61690,Send Reminder,2018-10-01 06:00:47+00:00,organizational unit 65459,0.0
travel permit 61784,Send Reminder,2018-10-01 06:00:39+00:00,organizational unit 65455,0.0
travel permit 61789,Send Reminder,2018-10-01 06:00:38+00:00,organizational unit 65456,0.0
travel permit 61794,Send Reminder,2018-10-01 06:00:38+00:00,organizational unit 65456,0.0
travel permit 61988,Send Reminder,2018-06-01 06:00:55+00:00,organizational unit 65460,1032.3561498590232
travel permit 62552,Send Reminder,2019-03-01 06:00:48+00:00,organizational unit 65459,1113.6211392789562
travel permit 62626,Send Reminder,2019-03-01 06:01:01+00:00,organizational unit 65460,0.0
travel permit 62665,Send Reminder,2018-10-01 06:00:44+00:00,organizational unit 65475,0.0
travel permit 62754,Send Reminder,2018-08-01 06:00:52+00:00,organizational unit 65466,0.0
travel permit 62773,Send Reminder,2018-08-01 06:00:48+00:00,organizational unit 65455,0.0
travel permit 62799,Send Reminder,2018-06-01 06:00:58+00:00,organizational unit 65454,0.0
travel permit 62843,Send Reminder,2018-07-01 06:01:13+00:00,organizational unit 65456,427.84943212571574
travel permit 62890,Send Reminder,2018-09-01 06:00:51+00:00,organizational unit 65466,0.0
travel permit 62917,Send Reminder,2018-07-01 06:01:12+00:00,organizational unit 65458,0.0
travel permit 62922,Send Reminder,2018-07-01 06:01:19+00:00,organizational unit 65460,0.0
travel permit 62928,Send Reminder,2018-07-01 06:01:20+00:00,organizational unit 65455,0.0
travel permit 62995,Send Reminder,2018-12-01 06:00:51+00:00,organizational unit 65459,0.0
travel permit 63188,Send Reminder,2019-01-01 06:00:43+00:00,organizational unit 65455,0.0
travel permit 63211,Send Reminder,2019-03-01 06:00:43+00:00,organizational unit 65455,0.0
travel permit 63247,Send Reminder,2018-08-01 06:00:53+00:00,organizational unit 65464,0.0
travel permit 63335,Send Reminder,2019-03-01 06:00:45+00:00,organizational unit 65466,266.3529975945014
travel permit 63422,Send Reminder,2019-01-01 06:00:47+00:00,organizational unit 65455,0.0
travel permit 63864,Send Reminder,2019-02-01 06:00:46+00:00,organizational unit 65458,0.0
travel permit 63887,Send Reminder,2018-12-01 06:00:51+00:00,organizational unit 65466,0.0
travel permit 64014,Send Reminder,2018-12-01 06:00:50+00:00,organizational unit 65454,0.0
travel permit 64019,Send Reminder,2018-06-01 06:01:00+00:00,organizational unit 65460,0.0
travel permit 6403,Send Reminder,2018-06-01 06:00:56+00:00,organizational unit 65459,0.0
travel permit 64280,Send Reminder,2018-12-01 06:00:47+00:00,organizational unit 65455,0.0
travel permit 64436,Send Reminder,2018-10-01 06:00:50+00:00,organizational unit 65458,0.0
travel permit 64748,Send Reminder,2018-12-01 06:00:51+00:00,organizational unit 65456,0.0
travel permit 64873,Send Reminder,2018-09-01 06:00:53+00:00,organizational unit 65466,0.0
travel permit 64889,Send Reminder,2019-01-01 06:00:46+00:00,organizational unit 65454,0.0
travel permit 64894,Send Reminder,2018-10-01 06:00:41+00:00,organizational unit 65454,0.0
travel permit 64899,Send Reminder,2019-02-01 06:00:55+00:00,organizational unit 65454,0.0
travel permit 64942,Send Reminder,2018-11-01 06:00:07+00:00,organizational unit 65459,0.0
travel permit 65109,Send Reminder,2019-04-01 06:00:46+00:00,organizational unit 65454,0.0
travel permit 65328,Send Reminder,2018-11-01 06:00:40+00:00,organizational unit 65454,0.0
travel permit 6543,Send Reminder,2018-06-01 06:01:04+00:00,organizational unit 65459,0.0
travel permit 65464,Send Reminder,2018-11-01 06:00:35+00:00,organizational unit 65458,0.0
travel permit 65619,Send Reminder,2018-07-01 06:01:10+00:00,organizational unit 65458,0.0
travel permit 657,Send Reminder,2018-08-01 06:00:43+00:00,organizational unit 65456,464.0602831609463
travel permit 65829,Send Reminder,2018-12-01 06:00:49+00:00,organizational unit 65455,0.0
travel permit 65879,Send Reminder,2018-12-01 06:00:52+00:00,organizational unit 65459,0.0
travel permit 65884,Send Reminder,2019-01-01 06:00:41+00:00,organizational unit 65459,0.0
travel permit 65981,Send Reminder,2018-05-01 06:00:30+00:00,organizational unit 65458,0.0
travel permit 6607,Send Reminder,2018-05-01 06:00:28+00:00,organizational unit 65456,0.0
travel permit 66209,Send Reminder,2018-11-01 06:00:45+00:00,organizational unit 65456,0.0
travel permit 6624,Send Reminder,2018-06-01 06:00:53+00:00,organizational unit 65466,0.0
travel permit 66243,Send Reminder,2019-01-01 06:00:42+00:00,organizational unit 65464,340.3444161116805
travel permit 6631,Send Reminder,2018-06-01 06:00:57+00:00,organizational unit 65460,0.0
travel permit 66374,Send Reminder,2018-11-01 06:00:36+00:00,organizational unit 65464,0.0
travel permit 66490,Send Reminder,2018-06-01 06:00:56+00:00,organizational unit 65456,0.0
travel permit 66905,Send Reminder,2019-01-01 06:00:43+00:00,organizational unit 65457,561.2758123131858
travel permit 67411,Send Reminder,2019-01-01 06:00:47+00:00,organizational unit 65456,0.0
travel permit 67539,Send Reminder,2018-12-01 06:00:48+00:00,organizational unit 65455,0.0
travel permit 67662,Send Reminder,2018-08-01 06:00:52+00:00,organizational unit 65455,0.0
travel permit 67705,Send Reminder,2018-11-01 06:00:33+00:00,organizational unit 65466,498.6655693933427
travel permit 67735,Send Reminder,2018-08-01 06:00:44+00:00,organizational unit 65455,0.0
travel permit 67984,Send Reminder,2019-01-01 06:00:41+00:00,organizational unit 65458,0.0
travel permit 68140,Send Reminder,2018-08-01 06:00:59+00:00,organizational unit 65464,0.0
travel permit 68317,Send Reminder,2018-09-01 06:00:45+00:00,organizational unit 65464,0.0
travel permit 68322,Send Reminder,2018-09-01 06:00:46+00:00,organizational unit 65457,0.0
travel permit 68337,Send Reminder,2018-10-01 06:00:46+00:00,organizational unit 65455,0.0
travel permit 68366,Send Reminder,2018-08-01 06:00:46+00:00,organizational unit 65466,0.0
travel permit 68372,Send Reminder,2018-08-01 06:00:47+00:00,organizational unit 65457,0.0
travel permit 68377,Send Reminder,2018-09-01 06:00:52+00:00,organizational unit 65460,0.0
travel permit 68506,Send Reminder,2018-10-01 06:00:35+00:00,organizational unit 65470,0.0
travel permit 68709,Send Reminder,2019-01-01 06:00:52+00:00,organizational unit 65466,0.0
travel permit 68719,Send Reminder,2019-03-01 06:00:43+00:00,organizational unit 65466,0.0
travel permit 68738,Send Reminder,2019-04-01 06:00:49+00:00,organizational unit 65458,0.0
travel permit 68822,Send Reminder,2019-01-01 06:00:52+00:00,organizational unit 65466,0.0
travel permit 68840,Send Reminder,2018-09-01 06:00:44+00:00,organizational unit 65456,0.0
travel permit 68901,Send Reminder,2018-10-01 06:00:38+00:00,organizational unit 65458,0.0
travel permit 68906,Send Reminder,2019-08-01 06:00:34+00:00,organizational unit 65464,0.0
travel permit 69017,Send Reminder,2019-02-01 06:00:46+00:00,organizational unit 65455,0.0
travel permit 69200,Send Reminder,2018-12-01 06:00:51+00:00,organizational unit 65455,0.0
travel permit 69326,Send Reminder,2019-02-01 06:00:53+00:00,organizational unit 65464,765.7269884768448
travel permit 69454,Send Reminder,2018-09-01 06:00:40+00:00,organizational unit 65466,0.0
travel permit 69460,Send Reminder,2018-09-01 06:00:41+00:00,organizational unit 65458,0.0
travel permit 69544,Send Reminder,2019-04-01 06:00:51+00:00,organizational unit 65460,59.38479178637869
travel permit 69624,Send Reminder,2019-02-01 06:00:46+00:00,organizational unit 65464,0.0
travel permit 6968,Send Reminder,2018-07-01 06:01:11+00:00,organizational unit 65459,1174.8952931767687
travel permit 69733,Send Reminder,2019-01-01 06:00:42+00:00,organizational unit 65475,0.0
travel permit 69933,Send Reminder,2018-11-01 06:00:32+00:00,organizational unit 65457,1100.9493703832554
travel permit 69972,Send Reminder,2019-01-01 06:00:48+00:00,organizational unit 65456,0.0
travel permit 70026,Send Reminder,2018-11-01 06:00:08+00:00,organizational unit 65456,0.0
travel permit 70133,Send Reminder,2019-06-01 06:01:19+00:00,organizational unit 65458,832.5947682634818
travel permit 70163,Send Reminder,2019-01-01 06:00:46+00:00,organizational unit 65456,0.0
travel permit 70205,Send Reminder,2018-09-01 06:00:50+00:00,organizational unit 65459,0.0
travel permit 7045,Send Reminder,2018-05-01 06:00:26+00:00,organizational unit 65458,0.0
travel permit 70508,Send Reminder,2019-02-01 06:00:47+00:00,organizational unit 65460,0.0
travel permit 70513,Send Reminder,2019-01-01 06:00:44+00:00,organizational unit 65454,0.0
travel permit 70585,Send Reminder,2019-01-01 06:00:50+00:00,organizational unit 65456,0.0
travel permit 70643,Send Reminder,2019-02-01 06:00:51+00:00,organizational unit 65458,698.1100571244733
travel permit 70933,Send Reminder,2018-11-01 06:00:42+00:00,organizational unit 65454,0.0
travel permit 71109,Send Reminder,2018-11-01 06:00:28+00:00,organizational unit 65459,0.0
travel permit 71175,Send Reminder,2019-02-01 06:00:45+00:00,organizational unit 65459,0.0
travel permit 71195,Send Reminder,2019-01-01 06:00:50+00:00,organizational unit 65454,0.0
travel permit 71219,Send Reminder,2019-02-01 06:00:52+00:00,organizational unit 65466,0.0
travel permit 71308,Send Reminder,2018-10-01 06:00:48+00:00,organizational unit 65454,0.0
travel permit 715,Send Reminder,2018-06-01 06:00:54+00:00,organizational unit 65458,0.0
travel permit 71574,Send Reminder,2019-02-01 06:00:45+00:00,organizational unit 65455,446.08038708903837
travel permit 71596,Send Reminder,2019-01-01 06:00:49+00:00,organizational unit 65467,0.0
travel permit 71648,Send Reminder,2019-01-01 06:00:44+00:00,organizational unit 65457,784.0169031337223
travel permit 71671,Send Reminder,2019-01-01 06:00:44+00:00,organizational unit 65455,0.0
travel permit 71688,Send Reminder,2019-01-01 06:00:40+00:00,organizational unit 65454,0.0
travel permit 71773,Send Reminder,2019-01-01 06:00:51+00:00,organizational unit 65464,0.0
travel permit 71868,Send Reminder,2018-09-01 06:00:25+00:00,organizational unit 65460,0.0
travel permit 71951,Send Reminder,2018-11-01 06:00:42+00:00,organizational unit 65466,0.0
travel permit 71957,Send Reminder,2019-01-01 06:00:39+00:00,organizational unit 65466,0.0
travel permit 71971,Send Reminder,2018-03-01 15:13:04+00:00,organizational unit 65455,2116.6568735693554
travel permit 72169,Send Reminder,2018-03-01 15:13:03+00:00,organizational unit 65458,0.0
travel permit 72245,Send Reminder,2018-03-01 15:13:01+00:00,organizational unit 65455,0.0
travel permit 72399,Send Reminder,2018-03-01 15:13:03+00:00,organizational unit 65458,0.0
travel permit 72403,Send Reminder,2018-03-01 15:13:03+00:00,organizational unit 65455,0.0
travel permit 72523,Send Reminder,2018-03-01 15:13:03+00:00,organizational unit 65458,0.0
travel permit 72527,Send Reminder,2018-03-01 15:13:03+00:00,organizational unit 65458,0.0
travel permit 72613,Send Reminder,2018-03-01 15:13:05+00:00,organizational unit 65458,0.0
travel permit 72811,Send Reminder,2018-03-01 15:13:04+00:00,organizational unit 65458,0.0
travel permit 72833,Send Reminder,2018-03-01 15:13:01+00:00,organizational unit 65455,0.0
travel permit 72877,Send Reminder,2018-03-01 15:13:04+00:00,organizational unit 65458,0.0
travel permit 7297,Send Reminder,2018-06-01 06:01:01+00:00,organizational unit 65454,0.0
travel permit 73106,Send Reminder,2018-03-01 15:13:04+00:00,organizational unit 65458,0.0
travel permit 73814,Send Reminder,2018-03-01 15:13:04+00:00,organizational unit 65458,0.0
travel permit 73907,Send Reminder,2018-03-01 15:13:02+00:00,organizational unit 65458,0.0
travel permit 73953,Send Reminder,2018-03-01 15:13:04+00:00,organizational unit 65455,865.7650184729074
travel permit 7437,Send Reminder,2018-05-01 06:00:28+00:00,organizational unit 65458,0.0
travel permit 74485,Send Reminder,2018-03-01 15:13:03+00:00,organizational unit 65458,0.0
travel permit 74536,Send Reminder,2018-03-01 15:13:01+00:00,organizational unit 65458,0.0
travel permit 74541,Send Reminder,2018-03-01 15:13:04+00:00,organizational unit 65458,0.0
travel permit 74718,Send Reminder,2018-03-01 15:13:05+00:00,organizational unit 65458,0.0
travel permit 74781,Send Reminder,2018-03-01 15:13:02+00:00,organizational unit 65458,0.0
travel permit 74890,Send Reminder,2018-03-01 15:13:03+00:00,organizational unit 65458,0.0
travel permit 75105,Send Reminder,2018-03-01 15:13:03+00:00,organizational unit 65458,0.0
travel permit 75119,Send Reminder,2018-03-01 15:13:05+00:00,organizational unit 65455,0.0
travel permit 75204,Send Reminder,2018-03-01 15:13:03+00:00,organizational unit 65455,0.0
travel permit 75362,Send Reminder,2018-03-01 15:13:04+00:00,organizational unit 65458,0.0
travel permit 75427,Send Reminder,2018-03-01 15:13:03+00:00,organizational unit 65455,0.0
travel permit 75761,Send Reminder,2018-03-01 15:13:02+00:00,organizational unit 65458,0.0
travel permit 76128,Send Reminder,2018-03-01 15:13:02+00:00,organizational unit 65458,618.7923548022745
travel permit 76137,Send Reminder,2018-03-01 15:13:03+00:00,organizational unit 65458,605.0159016341348
travel permit 76145,Send Reminder,2018-03-01 15:13:01+00:00,organizational unit 65458,0.0
travel permit 76167,Send Reminder,2018-03-01 15:13:03+00:00,organizational unit 65458,0.0
travel permit 76172,Send Reminder,2018-03-01 15:13:04+00:00,organizational unit 65458,0.0
travel permit 76372,Send Reminder,2018-03-01 15:13:03+00:00,organizational unit 65458,0.0
travel permit 7642,Send Reminder,2018-06-01 06:01:04+00:00,organizational unit 65460,0.0
travel permit 76679,Send Reminder,2018-03-01 15:13:01+00:00,organizational unit 65458,0.0
travel permit 76691,Send Reminder,2018-03-01 15:13:04+00:00,organizational unit 65458,508.4680945801994
travel permit 76879,Send Reminder,2018-03-01 15:13:01+00:00,organizational unit 65458,0.0
travel permit 76915,Send Reminder,2018-03-01 15:13:04+00:00,organizational unit 65458,0.0
travel permit 77120,Send Reminder,2018-03-01 15:13:02+00:00,organizational unit 65458,0.0
travel permit 77278,Send Reminder,2018-03-01 15:13:05+00:00,organizational unit 65458,0.0
travel permit 77630,Send Reminder,2018-03-01 15:13:04+00:00,organizational unit 65455,0.0
travel permit 77693,Send Reminder,2018-03-01 15:13:05+00:00,organizational unit 65458,0.0
travel permit 77697,Send Reminder,2018-03-01 15:13:04+00:00,organizational unit 65458,0.0
travel permit 77704,Send Reminder,2018-03-01 15:13:04+00:00,organizational unit 65458,0.0
travel permit 77771,Send Reminder,2018-03-01 15:13:02+00:00,organizational unit 65458,0.0
travel permit 77870,Send Reminder,2018-03-01 15:13:02+00:00,organizational unit 65455,0.0
travel permit 77990,Send Reminder,2018-03-01 15:13:05+00:00,organizational unit 65458,0.0
travel permit 78171,Send Reminder,2018-03-01 15:13:05+00:00,organizational unit 65458,0.0
travel permit 78176,Send Reminder,2018-12-01 06:00:47+00:00,organizational unit 65458,820.4578182887955
travel permit 78303,Send Reminder,2018-08-01 06:00:50+00:00,organizational unit 65458,1188.2401605438372
travel permit 78320,Send Reminder,2018-03-01 15:13:02+00:00,organizational unit 65458,0.0
travel permit 78334,Send Reminder,2018-03-01 15:13:03+00:00,organizational unit 65455,0.0
travel permit 78339,Send Reminder,2018-03-01 15:13:03+00:00,organizational unit 65455,0.0
travel permit 78365,Send Reminder,2018-03-01 15:13:01+00:00,organizational unit 65455,0.0
travel permit 78429,Send Reminder,2018-03-01 15:13:05+00:00,organizational unit 65458,0.0
travel permit 7856,Send Reminder,2018-05-01 06:00:36+00:00,organizational unit 65461,0.0
travel permit 78573,Send Reminder,2018-03-01 15:13:01+00:00,organizational unit 65458,0.0
travel permit 78616,Send Reminder,2018-03-01 15:13:02+00:00,organizational unit 65455,0.0
travel permit 78650,Send Reminder,2018-03-01 15:13:04+00:00,organizational unit 65458,0.0
travel permit 78770,Send Reminder,2018-03-01 15:13:03+00:00,organizational unit 65458,0.0
travel permit 78784,Send Reminder,2018-03-01 15:13:02+00:00,organizational unit 65458,0.0
travel permit 78822,Send Reminder,2018-03-01 15:13:03+00:00,organizational unit 65458,0.0
travel permit 78925,Send Reminder,2018-03-01 15:13:01+00:00,organizational unit 65455,752.7007005808274
travel permit 78969,Send Reminder,2018-03-01 15:13:05+00:00,organizational unit 65458,560.360497874622
travel permit 78992,Send Reminder,2018-06-01 06:00:59+00:00,organizational unit 65455,0.0
travel permit 79021,Send Reminder,2018-06-01 06:01:05+00:00,organizational unit 65455,0.0
travel permit 79036,Send Reminder,2018-05-01 06:00:26+00:00,organizational unit 65458,0.0
travel permit 79062,Send Reminder,2018-03-01 15:13:03+00:00,organizational unit 65458,0.0
travel permit 79228,Send Reminder,2018-03-01 15:13:05+00:00,organizational unit 65455,0.0
travel permit 79400,Send Reminder,2018-03-01 15:13:05+00:00,organizational unit 65455,0.0
travel permit 7944,Send Reminder,2018-08-01 06:00:43+00:00,organizational unit 65464,0.0
travel permit 79460,Send Reminder,2018-03-01 15:13:05+00:00,organizational unit 65455,0.0
travel permit 79573,Send Reminder,2018-03-01 15:13:02+00:00,organizational unit 65458,0.0
travel permit 79600,Send Reminder,2018-03-01 15:13:03+00:00,organizational unit 65458,0.0
travel permit 79772,Send Reminder,2018-03-01 15:13:05+00:00,organizational unit 65458,0.0
travel permit 79842,Send Reminder,2018-03-01 15:13:05+00:00,organizational unit 65455,0.0
travel permit 79860,Send Reminder,2018-03-01 15:13:04+00:00,organizational unit 65458,0.0
travel permit 79864,Send Reminder,2018-03-01 15:13:04+00:00,organizational unit 65458,733.3426969795336
travel permit 79928,Send Reminder,2018-06-01 06:00:55+00:00,organizational unit 65455,126.96419836055543
travel permit 79955,Send Reminder,2018-03-01 15:13:03+00:00,organizational unit 65455,0.0
travel permit 80053,Send Reminder,2018-03-01 15:13:03+00:00,organizational unit 65458,0.0
travel permit 80194,Send Reminder,2018-03-01 15:13:04+00:00,organizational unit 65455,0.0
travel permit 80198,Send Reminder,2018-03-01 15:13:04+00:00,organizational unit 65458,0.0
travel permit 8030,Send Reminder,2018-06-01 06:01:03+00:00,organizational unit 65470,0.0
travel permit 80300,Send Reminder,2018-03-01 15:13:03+00:00,organizational unit 65458,0.0
travel permit 80330,Send Reminder,2018-03-01 15:13:03+00:00,organizational unit 65458,0.0
travel permit 80359,Send Reminder,2018-03-01 15:13:01+00:00,organizational unit 65458,0.0
travel permit 80363,Send Reminder,2018-03-01 15:13:01+00:00,organizational unit 65458,0.0
travel permit 80447,Send Reminder,2018-03-01 15:13:05+00:00,organizational unit 65455,0.0
travel permit 80519,Send Reminder,2018-06-01 06:01:04+00:00,organizational unit 65455,430.00799058172294
travel permit 80755,Send Reminder,2018-03-01 15:13:01+00:00,organizational unit 65455,0.0
travel permit 80808,Send Reminder,2018-03-01 15:13:02+00:00,organizational unit 65455,0.0
travel permit 80821,Send Reminder,2018-03-01 15:13:04+00:00,organizational unit 65459,0.0
travel permit 80853,Send Reminder,2018-03-01 15:13:02+00:00,organizational unit 65458,0.0
travel permit 80891,Send Reminder,2018-03-01 15:13:01+00:00,organizational unit 65455,0.0
travel permit 8091,Send Reminder,2018-06-01 06:01:00+00:00,organizational unit 65458,0.0
travel permit 80996,Send Reminder,2018-03-01 15:13:03+00:00,organizational unit 65455,1076.2184968346558
travel permit 81076,Send Reminder,2018-03-01 15:13:01+00:00,organizational unit 65455,0.0
travel permit 81081,Send Reminder,2018-03-01 15:13:04+00:00,organizational unit 65455,0.0
travel permit 81154,Send Reminder,2018-03-01 15:13:01+00:00,organizational unit 65458,0.0
travel permit 81304,Send Reminder,2018-03-01 15:13:05+00:00,organizational unit 65455,0.0
travel permit 81404,Send Reminder,2018-03-01 15:13:03+00:00,organizational unit 65455,0.0
travel permit 81484,Send Reminder,2018-03-01 15:13:04+00:00,organizational unit 65455,0.0
travel permit 81602,Send Reminder,2018-03-01 15:13:03+00:00,organizational unit 65455,0.0
travel permit 81633,Send Reminder,2018-03-01 15:13:04+00:00,organizational unit 65455,0.0
travel permit 81663,Send Reminder,2018-03-01 15:13:05+00:00,organizational unit 65458,0.0
travel permit 81730,Send Reminder,2018-03-01 15:13:05+00:00,organizational unit 65455,0.0
travel permit 81856,Send Reminder,2018-03-01 15:13:03+00:00,organizational unit 65458,0.0
travel permit 81967,Send Reminder,2018-03-01 15:13:04+00:00,organizational unit 65455,0.0
travel permit 82028,Send Reminder,2018-03-01 15:13:06+00:00,organizational unit 65458,0.0
travel permit 82075,Send Reminder,2018-03-01 15:13:01+00:00,organizational unit 65455,0.0
travel permit 82110,Send Reminder,2018-03-01 15:13:02+00:00,organizational unit 65455,0.0
travel permit 82128,Send Reminder,2018-03-01 15:13:04+00:00,organizational unit 65455,0.0
travel permit 82255,Send Reminder,2018-03-01 15:13:05+00:00,organizational unit 65455,0.0
travel permit 82260,Send Reminder,2018-03-01 15:13:04+00:00,organizational unit 65458,0.0
travel permit 82458,Send Reminder,2018-03-01 15:13:04+00:00,organizational unit 65458,0.0
travel permit 82475,Send Reminder,2018-03-01 15:13:05+00:00,organizational unit 65455,0.0
travel permit 82480,Send Reminder,2018-03-01 15:13:02+00:00,organizational unit 65458,6407.024142217796
travel permit 82490,Send Reminder,2018-03-01 15:13:01+00:00,organizational unit 65455,0.0
travel permit 8262,Send Reminder,2018-09-01 06:00:51+00:00,organizational unit 65455,0.0
travel permit 82626,Send Reminder,2018-03-01 15:13:01+00:00,organizational unit 65455,0.0
travel permit 82747,Send Reminder,2018-03-01 15:13:03+00:00,organizational unit 65455,0.0
travel permit 82854,Send Reminder,2018-03-01 15:13:04+00:00,organizational unit 65455,0.0
travel permit 8289,Send Reminder,2018-08-01 06:00:45+00:00,organizational unit 65466,0.0
travel permit 8295,Send Reminder,2018-06-01 06:01:01+00:00,organizational unit 65460,0.0
travel permit 83008,Send Reminder,2018-03-01 15:13:05+00:00,organizational unit 65455,0.0
travel permit 83013,Send Reminder,2018-03-01 15:13:04+00:00,organizational unit 65455,0.0
travel permit 83059,Send Reminder,2018-03-01 15:13:05+00:00,organizational unit 65458,11048.207139234999
travel permit 83085,Send Reminder,2018-03-01 15:13:04+00:00,organizational unit 65455,0.0
travel permit 83123,Send Reminder,2018-03-01 15:13:04+00:00,organizational unit 65458,0.0
travel permit 83191,Send Reminder,2018-03-01 15:13:04+00:00,organizational unit 65458,0.0
travel permit 83213,Send Reminder,2018-03-01 15:13:01+00:00,organizational unit 65458,0.0
travel permit 83217,Send Reminder,2018-03-01 15:13:02+00:00,organizational unit 65458,0.0
travel permit 8327,Send Reminder,2018-06-01 06:00:53+00:00,organizational unit 65454,0.0
travel permit 8332,Send Reminder,2018-06-01 06:01:07+00:00,organizational unit 65454,0.0
travel permit 83320,Send Reminder,2018-03-01 15:13:03+00:00,organizational unit 65458,0.0
travel permit 83359,Send Reminder,2018-03-01 15:13:04+00:00,organizational unit 65455,627.9811209467531
travel permit 83448,Send Reminder,2018-03-01 15:13:03+00:00,organizational unit 65458,0.0
travel permit 83452,Send Reminder,2018-03-01 15:13:01+00:00,organizational unit 65458,0.0
travel permit 83526,Send Reminder,2018-03-01 15:13:04+00:00,organizational unit 65455,0.0
travel permit 83530,Send Reminder,2018-03-01 15:13:02+00:00,organizational unit 65455,0.0
travel permit 83538,Send Reminder,2018-03-01 15:13:01+00:00,organizational unit 65455,0.0
travel permit 83564,Send Reminder,2018-03-01 15:13:02+00:00,organizational unit 65458,684.8913083927179
travel permit 83689,Send Reminder,2018-03-01 15:13:01+00:00,organizational unit 65458,3614.8480583560745
travel permit 83736,Send Reminder,2018-03-01 15:13:05+00:00,organizational unit 65458,0.0
travel permit 83740,Send Reminder,2018-03-01 15:13:05+00:00,organizational unit 65455,0.0
travel permit 83873,Send Reminder,2018-03-01 15:13:01+00:00,organizational unit 65458,0.0
travel permit 83906,Send Reminder,2018-03-01 15:13:05+00:00,organizational unit 65458,0.0
travel permit 83950,Send Reminder,2018-11-01 06:00:33+00:00,organizational unit 65455,0.0
travel permit 83985,Send Reminder,2018-03-01 15:13:03+00:00,organizational unit 65458,0.0
travel permit 84079,Send Reminder,2018-03-01 15:13:04+00:00,organizational unit 65458,0.0
travel permit 84128,Send Reminder,2018-03-01 15:13:03+00:00,organizational unit 65458,0.0
travel permit 84264,Send Reminder,2018-03-01 15:13:03+00:00,organizational unit 65455,0.0
travel permit 8436,Send Reminder,2018-05-01 06:00:29+00:00,organizational unit 65455,2262.884228684446
travel permit 84442,Send Reminder,2018-03-01 15:13:01+00:00,organizational unit 65455,0.0
travel permit 84691,Send Reminder,2018-03-01 15:13:01+00:00,organizational unit 65458,0.0
travel permit 84888,Send Reminder,2018-03-01 15:13:05+00:00,organizational unit 65455,0.0
travel permit 85062,Send Reminder,2018-03-01 15:13:03+00:00,organizational unit 65458,0.0
travel permit 85145,Send Reminder,2018-03-01 15:13:05+00:00,organizational unit 65455,0.0
travel permit 85237,Send Reminder,2018-03-01 15:13:01+00:00,organizational unit 65458,0.0
travel permit 85284,Send Reminder,2018-03-01 15:13:04+00:00,organizational unit 65455,879.9525392366398
travel permit 85333,Send Reminder,2018-03-01 15:13:03+00:00,organizational unit 65458,2102.9118906876124
travel permit 85476,Send Reminder,2018-03-01 15:13:04+00:00,organizational unit 65458,0.0
travel permit 85480,Send Reminder,2018-05-01 06:00:30+00:00,organizational unit 65455,0.0
travel permit 85485,Send Reminder,2018-07-01 06:01:20+00:00,organizational unit 65455,0.0
travel permit 85713,Send Reminder,2018-03-01 15:13:05+00:00,organizational unit 65455,0.0
travel permit 85726,Send Reminder,2018-03-01 15:13:04+00:00,organizational unit 65455,0.0
travel permit 85751,Send Reminder,2018-03-01 15:13:05+00:00,organizational unit 65455,0.0
travel permit 85892,Send Reminder,2018-03-01 15:13:05+00:00,organizational unit 65458,0.0
travel permit 8595,Send Reminder,2018-07-01 06:01:20+00:00,organizational unit 65455,336.53940683593237
travel permit 85975,Send Reminder,2018-03-01 15:13:04+00:00,organizational unit 65458,0.0
travel permit 86009,Send Reminder,2018-03-01 15:13:01+00:00,organizational unit 65458,0.0
travel permit 86013,Send Reminder,2018-03-01 15:13:03+00:00,organizational unit 65455,0.0
travel permit 86121,Send Reminder,2018-03-01 15:13:04+00:00,organizational unit 65455,0.0
travel permit 86223,Send Reminder,2018-03-01 15:13:01+00:00,organizational unit 65458,0.0
travel permit 8631,Send Reminder,2018-07-01 06:01:13+00:00,organizational unit 65459,0.0
travel permit 8636,Send Reminder,2018-08-01 06:00:53+00:00,organizational unit 65466,0.0
travel permit 86472,Send Reminder,2018-03-01 15:13:03+00:00,organizational unit 65458,460.4227793872576
travel permit 8690,Send Reminder,2018-07-01 06:01:11+00:00,organizational unit 65454,0.0
travel permit 8749,Send Reminder,2018-08-01 06:00:49+00:00,organizational unit 65458,677.7846138947292
travel permit 8911,Send Reminder,2018-05-01 06:00:35+00:00,organizational unit 65474,0.0
travel permit 8929,Send Reminder,2019-01-01 06:00:52+00:00,organizational unit 65457,0.0
travel permit 8934,Send Reminder,2018-07-01 06:01:15+00:00,organizational unit 65460,0.0
travel permit 9054,Send Reminder,2018-06-01 06:00:52+00:00,organizational unit 65460,0.0
travel permit 9282,Send Reminder,2018-06-01 06:01:01+00:00,organizational unit 65455,0.0
travel permit 9420,Send Reminder,2018-05-01 06:00:34+00:00,organizational unit 65455,0.0
travel permit 9425,Send Reminder,2018-07-01 06:01:16+00:00,organizational unit 65456,1100.1124139632532
travel permit 953,Send Reminder,2018-07-01 06:01:15+00:00,organizational unit 65458,0.0
travel permit 9542,Send Reminder,2018-07-01 06:01:21+00:00,organizational unit 65460,0.0
travel permit 9547,Send Reminder,2018-08-01 06:00:56+00:00,organizational unit 65455,0.0
travel permit 9576,Send Reminder,2018-11-01 06:00:45+00:00,organizational unit 65466,0.0
travel permit 9697,Send Reminder,2018-05-01 06:00:33+00:00,organizational unit 65470,0.0
travel permit 972,Send Reminder,2018-07-01 06:01:18+00:00,organizational unit 65458,0.0
travel permit 9848,Send Reminder,2018-05-01 06:00:33+00:00,organizational unit 65460,0.0
travel permit 9876,Send Reminder,2018-03-01 15:20:09+00:00,organizational unit 65458,0.0
